--
-- Script was generated by Devart dbForge Studio 2020 for MySQL, Version 9.0.338.0
-- Product home page: http://www.devart.com/dbforge/mysql/studio
-- Script date 8/12/2023 5:29:15 PM
-- Server version: 10.5.21
-- Client version: 4.1
--

-- 
-- Disable foreign keys
-- 
/*!40014 SET @OLD_FOREIGN_KEY_CHECKS=@@FOREIGN_KEY_CHECKS, FOREIGN_KEY_CHECKS=0 */;

-- 
-- Set SQL mode
-- 
/*!40101 SET @OLD_SQL_MODE=@@SQL_MODE, SQL_MODE='NO_AUTO_VALUE_ON_ZERO' */;

-- 
-- Set character set the client will use to send SQL statements to the server
--
SET NAMES 'utf8';

--
-- Set default database
--
USE `misa.web202304_mf1641_ttanh`;

--
-- Drop function `Func`
--
DROP FUNCTION IF EXISTS Func;

--
-- Drop procedure `Proc_Account_Delete`
--
DROP PROCEDURE IF EXISTS Proc_Account_Delete;

--
-- Drop procedure `Proc_Account_Insert`
--
DROP PROCEDURE IF EXISTS Proc_Account_Insert;

--
-- Drop procedure `Proc_Account_Update`
--
DROP PROCEDURE IF EXISTS Proc_Account_Update;

--
-- Drop table `max_code`
--
DROP TABLE IF EXISTS max_code;

--
-- Drop procedure `Proc_Location_GetFilter`
--
DROP PROCEDURE IF EXISTS Proc_Location_GetFilter;

--
-- Drop table `location`
--
DROP TABLE IF EXISTS location;

--
-- Drop procedure `Proc_Provider_GetByCode`
--
DROP PROCEDURE IF EXISTS Proc_Provider_GetByCode;

--
-- Drop procedure `Proc_Provider_GetById`
--
DROP PROCEDURE IF EXISTS Proc_Provider_GetById;

--
-- Drop procedure `Proc_Provider_GetFilter`
--
DROP PROCEDURE IF EXISTS Proc_Provider_GetFilter;

--
-- Drop view `view_provider_getall`
--
DROP VIEW IF EXISTS view_provider_getall CASCADE;

--
-- Drop procedure `Proc_BankAccount_DeleteMultiple`
--
DROP PROCEDURE IF EXISTS Proc_BankAccount_DeleteMultiple;

--
-- Drop procedure `Proc_BankAccount_GetByIds`
--
DROP PROCEDURE IF EXISTS Proc_BankAccount_GetByIds;

--
-- Drop procedure `Proc_BankAccount_Insert`
--
DROP PROCEDURE IF EXISTS Proc_BankAccount_Insert;

--
-- Drop procedure `Proc_BankAccount_Update`
--
DROP PROCEDURE IF EXISTS Proc_BankAccount_Update;

--
-- Drop table `bank_account`
--
DROP TABLE IF EXISTS bank_account;

--
-- Drop procedure `Proc_Receipt_GetById`
--
DROP PROCEDURE IF EXISTS Proc_Receipt_GetById;

--
-- Drop procedure `Proc_Receipt_GetFilter`
--
DROP PROCEDURE IF EXISTS Proc_Receipt_GetFilter;

--
-- Drop view `view_receipt_getall`
--
DROP VIEW IF EXISTS view_receipt_getall CASCADE;

--
-- Drop procedure `Proc_Receipt_Delete`
--
DROP PROCEDURE IF EXISTS Proc_Receipt_Delete;

--
-- Drop procedure `Proc_Receipt_DeleteMultiple`
--
DROP PROCEDURE IF EXISTS Proc_Receipt_DeleteMultiple;

--
-- Drop procedure `Proc_Receipt_GetByCode`
--
DROP PROCEDURE IF EXISTS Proc_Receipt_GetByCode;

--
-- Drop procedure `Proc_Receipt_GetMaxCode`
--
DROP PROCEDURE IF EXISTS Proc_Receipt_GetMaxCode;

--
-- Drop procedure `Proc_Receipt_Insert`
--
DROP PROCEDURE IF EXISTS Proc_Receipt_Insert;

--
-- Drop procedure `Proc_Receipt_Update`
--
DROP PROCEDURE IF EXISTS Proc_Receipt_Update;

--
-- Drop table `receipt`
--
DROP TABLE IF EXISTS receipt;

--
-- Drop procedure `Proc_GroupProvider_Delete`
--
DROP PROCEDURE IF EXISTS Proc_GroupProvider_Delete;

--
-- Drop procedure `Proc_GroupProvider_DeleteMultiple`
--
DROP PROCEDURE IF EXISTS Proc_GroupProvider_DeleteMultiple;

--
-- Drop procedure `Proc_GroupProvider_GetByIds`
--
DROP PROCEDURE IF EXISTS Proc_GroupProvider_GetByIds;

--
-- Drop procedure `Proc_GroupProvider_Insert`
--
DROP PROCEDURE IF EXISTS Proc_GroupProvider_Insert;

--
-- Drop procedure `Proc_GroupProvider_Update`
--
DROP PROCEDURE IF EXISTS Proc_GroupProvider_Update;

--
-- Drop table `group_provider`
--
DROP TABLE IF EXISTS group_provider;

--
-- Drop procedure `Proc_Group_GetFilter`
--
DROP PROCEDURE IF EXISTS Proc_Group_GetFilter;

--
-- Drop table `group`
--
DROP TABLE IF EXISTS `group`;

--
-- Drop view `view_accountant_getall`
--
DROP VIEW IF EXISTS view_accountant_getall CASCADE;

--
-- Drop procedure `Proc_Accountant_DeleteByParentId`
--
DROP PROCEDURE IF EXISTS Proc_Accountant_DeleteByParentId;

--
-- Drop procedure `Proc_Accountant_DeleteMultiple`
--
DROP PROCEDURE IF EXISTS Proc_Accountant_DeleteMultiple;

--
-- Drop procedure `Proc_Accountant_DeleteMultipleByParentIds`
--
DROP PROCEDURE IF EXISTS Proc_Accountant_DeleteMultipleByParentIds;

--
-- Drop table `accountant`
--
DROP TABLE IF EXISTS accountant;

--
-- Drop procedure `Proc_Account_Filter`
--
DROP PROCEDURE IF EXISTS Proc_Account_Filter;

--
-- Drop procedure `Proc_Account_GetByCode`
--
DROP PROCEDURE IF EXISTS Proc_Account_GetByCode;

--
-- Drop procedure `Proc_Account_GetById`
--
DROP PROCEDURE IF EXISTS Proc_Account_GetById;

--
-- Drop procedure `Proc_Account_GetByObject`
--
DROP PROCEDURE IF EXISTS Proc_Account_GetByObject;

--
-- Drop procedure `Proc_Account_GetChildren`
--
DROP PROCEDURE IF EXISTS Proc_Account_GetChildren;

--
-- Drop procedure `Proc_Account_Search`
--
DROP PROCEDURE IF EXISTS Proc_Account_Search;

--
-- Drop view `view_account_getall`
--
DROP VIEW IF EXISTS view_account_getall CASCADE;

--
-- Drop table `account`
--
DROP TABLE IF EXISTS account;

--
-- Drop procedure `Proc_AddressShip_DeleteMultiple`
--
DROP PROCEDURE IF EXISTS Proc_AddressShip_DeleteMultiple;

--
-- Drop procedure `Proc_AddressShip_GetByIds`
--
DROP PROCEDURE IF EXISTS Proc_AddressShip_GetByIds;

--
-- Drop procedure `Proc_AddressShip_Insert`
--
DROP PROCEDURE IF EXISTS Proc_AddressShip_Insert;

--
-- Drop procedure `Proc_AddressShip_Update`
--
DROP PROCEDURE IF EXISTS Proc_AddressShip_Update;

--
-- Drop table `address_ship`
--
DROP TABLE IF EXISTS address_ship;

--
-- Drop procedure `Proc_Provider_Delete`
--
DROP PROCEDURE IF EXISTS Proc_Provider_Delete;

--
-- Drop procedure `Proc_Provider_DeleteMultiple`
--
DROP PROCEDURE IF EXISTS Proc_Provider_DeleteMultiple;

--
-- Drop procedure `Proc_Provider_GetMaxCode`
--
DROP PROCEDURE IF EXISTS Proc_Provider_GetMaxCode;

--
-- Drop procedure `Proc_Provider_Insert`
--
DROP PROCEDURE IF EXISTS Proc_Provider_Insert;

--
-- Drop procedure `Proc_Provider_Update`
--
DROP PROCEDURE IF EXISTS Proc_Provider_Update;

--
-- Drop table `provider`
--
DROP TABLE IF EXISTS provider;

--
-- Drop procedure `Proc_Employee_Filter`
--
DROP PROCEDURE IF EXISTS Proc_Employee_Filter;

--
-- Drop procedure `Proc_Employee_GetAll`
--
DROP PROCEDURE IF EXISTS Proc_Employee_GetAll;

--
-- Drop procedure `Proc_Employee_GetByCode`
--
DROP PROCEDURE IF EXISTS Proc_Employee_GetByCode;

--
-- Drop view `view_employee_getall`
--
DROP VIEW IF EXISTS view_employee_getall CASCADE;

--
-- Drop procedure `Proc_Employee_Delete`
--
DROP PROCEDURE IF EXISTS Proc_Employee_Delete;

--
-- Drop procedure `Proc_Employee_DeleteMultiple`
--
DROP PROCEDURE IF EXISTS Proc_Employee_DeleteMultiple;

--
-- Drop procedure `Proc_Employee_GetById`
--
DROP PROCEDURE IF EXISTS Proc_Employee_GetById;

--
-- Drop procedure `Proc_Employee_GetMaxCode`
--
DROP PROCEDURE IF EXISTS Proc_Employee_GetMaxCode;

--
-- Drop procedure `Proc_Employee_Insert`
--
DROP PROCEDURE IF EXISTS Proc_Employee_Insert;

--
-- Drop procedure `Proc_Employee_Update`
--
DROP PROCEDURE IF EXISTS Proc_Employee_Update;

--
-- Drop table `employee`
--
DROP TABLE IF EXISTS employee;

--
-- Drop procedure `Proc_Department_GetAll`
--
DROP PROCEDURE IF EXISTS Proc_Department_GetAll;

--
-- Drop procedure `Proc_Department_GetById`
--
DROP PROCEDURE IF EXISTS Proc_Department_GetById;

--
-- Drop table `department`
--
DROP TABLE IF EXISTS department;

--
-- Set default database
--
USE `misa.web202304_mf1641_ttanh`;

--
-- Create table `department`
--
CREATE TABLE department (
  DepartmentId char(36) NOT NULL DEFAULT '' COMMENT 'khóa chính',
  DepartmentName varchar(255) NOT NULL DEFAULT '' COMMENT 'Tên phòng ban',
  CreatedDate datetime DEFAULT NULL COMMENT 'Ngày tạo',
  CreatedBy varchar(255) DEFAULT NULL COMMENT 'Người tạo',
  ModifiedDate datetime DEFAULT NULL COMMENT 'Ngày thay đổi',
  ModifiedBy varchar(255) DEFAULT NULL COMMENT 'Người thay dổi',
  PRIMARY KEY (DepartmentId)
)
ENGINE = INNODB,
AVG_ROW_LENGTH = 2340,
CHARACTER SET utf8mb4,
COLLATE utf8mb4_general_ci;

--
-- Create index `UK_department_DepartmentName` on table `department`
--
ALTER TABLE department
ADD UNIQUE INDEX UK_department_DepartmentName (DepartmentName);

DELIMITER $$

--
-- Create procedure `Proc_Department_GetById`
--
CREATE PROCEDURE Proc_Department_GetById (IN departmentId char(36))
SQL SECURITY INVOKER
COMMENT 'Thủ tục lấy phòng ban theo id'
BEGIN
  SELECT
    d.DepartmentId,
    d.DepartmentName,
    d.CreatedDate,
    d.CreatedBy,
    d.ModifiedDate,
    d.ModifiedBy
  FROM department d
  WHERE d.DepartmentId = departmentId;
END
$$

--
-- Create procedure `Proc_Department_GetAll`
--
CREATE PROCEDURE Proc_Department_GetAll (IN departmentName varchar(100))
SQL SECURITY INVOKER
COMMENT 'Thủ tục lấy toàn bộ danh sách phòng ban'
BEGIN
  SELECT
    *
  FROM department d
  WHERE d.DepartmentName COLLATE utf8mb4_unicode_ci
  LIKE CONCAT('%', departmentName, '%');
END
$$

DELIMITER ;

--
-- Create table `employee`
--
CREATE TABLE employee (
  EmployeeId char(36) NOT NULL DEFAULT '' COMMENT 'Khóa chính',
  EmployeeCode varchar(20) NOT NULL DEFAULT '' COMMENT 'Mã nhân viên',
  FullName varchar(100) NOT NULL DEFAULT '' COMMENT 'Họ tên nhân viên',
  DateOfBirth date DEFAULT NULL COMMENT 'Ngày sinh ',
  Gender int(11) DEFAULT NULL COMMENT 'Giới tính (0: Nam; 1: Nữ)',
  DepartmentId char(36) NOT NULL DEFAULT '' COMMENT 'Khóa ngoại liên kết với bảng phòng ban',
  IdentityNumber varchar(25) DEFAULT NULL COMMENT 'Số chứng minh nhân dân/ Căn cước công dân',
  IdentityDate date DEFAULT NULL COMMENT 'Ngày cấp chứng minh nhân dân/ căn cước công dân',
  IdentityAddress varchar(255) DEFAULT NULL COMMENT 'Nơi cấp chứng minh nhân dân/ căn cước công dân',
  PositionName varchar(255) DEFAULT NULL COMMENT 'Vị trí',
  Address varchar(255) DEFAULT NULL COMMENT 'Địa chỉ',
  PhoneNumber varchar(50) DEFAULT NULL COMMENT 'Điện thoại di động',
  PhoneLandline varchar(50) DEFAULT NULL COMMENT 'Điện thoại cố định',
  Email varchar(50) DEFAULT NULL COMMENT 'Địa chỉ Email',
  BankAccount varchar(50) DEFAULT NULL COMMENT 'Tài khoản ngân hàng',
  BankName varchar(255) DEFAULT NULL COMMENT 'Tên ngân hàng',
  BankBranch varchar(255) DEFAULT NULL COMMENT 'Chi nhánh',
  CreatedBy varchar(255) DEFAULT NULL COMMENT 'Người tạo',
  CreatedDate datetime DEFAULT NULL COMMENT 'Ngày tạo',
  ModifiedBy varchar(255) DEFAULT NULL COMMENT 'Người sửa',
  ModifiedDate datetime DEFAULT NULL COMMENT 'Ngày sửa',
  IsCustomer tinyint(1) DEFAULT NULL COMMENT 'là khách hàng',
  IsProvider tinyint(1) DEFAULT NULL COMMENT 'Là nhà cung cấp',
  PRIMARY KEY (EmployeeId)
)
ENGINE = INNODB,
AVG_ROW_LENGTH = 468,
CHARACTER SET utf8mb4,
COLLATE utf8mb4_general_ci,
COMMENT = 'Bảng nhân viên';

--
-- Create index `IDX_employee_FullName` on table `employee`
--
ALTER TABLE employee
ADD INDEX IDX_employee_FullName (FullName);

--
-- Create index `UK_employee_EmployeeCode` on table `employee`
--
ALTER TABLE employee
ADD UNIQUE INDEX UK_employee_EmployeeCode (EmployeeCode);

--
-- Create foreign key
--
ALTER TABLE employee
ADD CONSTRAINT FK_Employee_DepartmentId FOREIGN KEY (DepartmentId)
REFERENCES department (DepartmentId) ON DELETE NO ACTION ON UPDATE NO ACTION;

DELIMITER $$

--
-- Create procedure `Proc_Employee_Update`
--
CREATE PROCEDURE Proc_Employee_Update (IN EmployeeId char(36), IN EmployeeCode varchar(20), IN FullName varchar(100), IN DateOfBirth date, IN Gender int, IN DepartmentId char(36), IN IdentityNumber varchar(25), IN IdentityDate date, IN IdentityAddress varchar(255), IN PositionName varchar(255), IN Address varchar(255), IN PhoneNumber varchar(50), IN PhoneLandline varchar(50), IN Email varchar(100), IN BankAccount varchar(50), IN BankName varchar(255), IN BankBranch varchar(255), IN ModifiedDate datetime, IN ModifiedBy varchar(255), IN IsCustomer bool, IN IsProvider bool)
SQL SECURITY INVOKER
COMMENT 'Thủ tục cập nhật thông tin 1 nhân viên'
BEGIN
  UPDATE employee e
  SET e.EmployeeCode = EmployeeCode,
      e.FullName = FullName,
      e.DateOfBirth = DateOfBirth,
      e.Gender = Gender,
      e.DepartmentId = DepartmentId,
      e.IdentityNumber = IdentityNumber,
      e.IdentityDate = IdentityDate,
      e.IdentityAddress = IdentityAddress,
      e.PositionName = PositionName,
      e.Address = Address,
      e.PhoneNumber = PhoneNumber,
      e.PhoneLandline = PhoneLandline,
      e.Email = Email,
      e.BankAccount = BankAccount,
      e.BankName = BankName,
      e.BankBranch = BankBranch,
      e.CreatedDate = CreatedDate,
      e.CreatedBy = CreatedBy,
      e.ModifiedDate = ModifiedDate,
      e.ModifiedBy = ModifiedBy,
      e.IsProvider = IsProvider,
      e.IsCustomer = IsCustomer
  WHERE e.EmployeeId = EmployeeId;
END
$$

--
-- Create procedure `Proc_Employee_Insert`
--
CREATE PROCEDURE Proc_Employee_Insert (IN EmployeeId char(36), IN EmployeeCode varchar(20), IN FullName varchar(100), IN DateOfBirth date, IN Gender int(11), IN DepartmentId char(36), IN IdentityNumber varchar(25), IN IdentityDate date, IN IdentityAddress varchar(255), IN PositionName varchar(255), IN Address varchar(255), IN PhoneNumber varchar(50), IN PhoneLandline varchar(50), IN Email varchar(100), IN BankAccount varchar(50), IN BankName varchar(255), IN BankBranch varchar(266), IN CreatedDate datetime, IN CreatedBy varchar(255), IN ModifiedDate datetime, IN ModifiedBy varchar(255), IN IsCustomer bool, IN IsProvider bool)
SQL SECURITY INVOKER
COMMENT 'Thủ tục thêm mới 1 nhân viên'
BEGIN
  INSERT INTO employee (EmployeeId, EmployeeCode, FullName, DateOfBirth, Gender, DepartmentId, IdentityNumber, IdentityDate, IdentityAddress, PositionName, Address, PhoneNumber, PhoneLandline, Email, BankAccount, BankName, BankBranch, CreatedDate, CreatedBy, ModifiedDate, ModifiedBy, IsCustomer, IsProvider)
    VALUES (EmployeeId, EmployeeCode, FullName, DateOfBirth, Gender, DepartmentId, IdentityNumber, IdentityDate, IdentityAddress, PositionName, Address, PhoneNumber, PhoneLandline, Email, BankAccount, BankName, BankBranch, CreatedDate, CreatedBy, ModifiedDate, ModifiedBy, IsCustomer, IsProvider);
END
$$

--
-- Create procedure `Proc_Employee_GetMaxCode`
--
CREATE DEFINER = 'root'@'localhost'
PROCEDURE Proc_Employee_GetMaxCode ()
COMMENT 'Thủ tục lấy mã nhân viên lớn nhất'
BEGIN
  SELECT
    e.EmployeeCode
  FROM employee e
  WHERE e.EmployeeCode REGEXP '^NV-[0-9]+$'
  ORDER BY LENGTH(e.EmployeeCode) DESC, e.EmployeeCode DESC
  LIMIT 1;


END
$$

--
-- Create procedure `Proc_Employee_GetById`
--
CREATE DEFINER = 'root'@'localhost'
PROCEDURE Proc_Employee_GetById (IN EmployeeId char(36))
COMMENT 'Thủ tục lấy nhân viên theo Id'
BEGIN
  SELECT
    e.EmployeeId,
    e.EmployeeCode,
    e.FullName,
    e.DateOfBirth,
    e.Gender,
    e.DepartmentId,
    e.IdentityNumber,
    e.IdentityDate,
    e.IdentityAddress,
    e.PositionName,
    e.Address,
    e.PhoneNumber,
    e.PhoneLandline,
    e.Email,
    e.BankAccount,
    e.BankName,
    e.BankBranch,
    e.CreatedBy,
    e.CreatedDate,
    e.ModifiedBy,
    e.ModifiedDate,
    e.IsCustomer,
    e.IsProvider
  FROM employee e
  WHERE e.EmployeeId = EmployeeId;
END
$$

--
-- Create procedure `Proc_Employee_DeleteMultiple`
--
CREATE PROCEDURE Proc_Employee_DeleteMultiple (IN id_list text)
SQL SECURITY INVOKER
COMMENT 'Thủ tục xóa nhiều bản ghi'
BEGIN
  DECLARE done int DEFAULT FALSE;
  DECLARE id char(36);
  DECLARE id_cursor CURSOR FOR
  SELECT
    CAST(token AS char(36))
  FROM (SELECT
      TRIM(SUBSTRING_INDEX (SUBSTRING_INDEX (id_list, ',', n.digit + 1), ',', -1)) AS token
    FROM (SELECT
        0 digit
      UNION ALL
      SELECT
        1
      UNION ALL
      SELECT
        2
      UNION ALL
      SELECT
        3
      UNION ALL
      SELECT
        4
      UNION ALL
      SELECT
        5
      UNION ALL
      SELECT
        6
      UNION ALL
      SELECT
        7
      UNION ALL
      SELECT
        8
      UNION ALL
      SELECT
        9) n
    WHERE n.digit < LENGTH(id_list) - LENGTH(REPLACE(id_list, ',', '')) + 1) AS ids;

  DECLARE CONTINUE HANDLER FOR NOT FOUND SET done = TRUE;

  OPEN id_cursor;

read_loop:
  LOOP
    FETCH id_cursor INTO id;
    IF done THEN
      LEAVE read_loop;
    END IF;

    DELETE
      FROM employee
    WHERE EmployeeId = id;
  END LOOP;

  CLOSE id_cursor;
END
$$

--
-- Create procedure `Proc_Employee_Delete`
--
CREATE PROCEDURE Proc_Employee_Delete (IN EmployeeId char(36))
SQL SECURITY INVOKER
COMMENT 'Thủ tục xóa 1 nhân viên'
BEGIN
  DELETE
    FROM employee
  WHERE employee.EmployeeId = EmployeeId;
END
$$

DELIMITER ;

--
-- Create view `view_employee_getall`
--
CREATE
DEFINER = 'root'@'localhost'
SQL SECURITY INVOKER
VIEW view_employee_getall
AS
SELECT
  `e`.`EmployeeId` AS `EmployeeId`,
  `e`.`EmployeeCode` AS `EmployeeCode`,
  `e`.`FullName` AS `FullName`,
  `e`.`DateOfBirth` AS `DateOfBirth`,
  `e`.`Gender` AS `Gender`,
  `e`.`IdentityNumber` AS `IdentityNumber`,
  `e`.`IdentityDate` AS `IdentityDate`,
  `e`.`IdentityAddress` AS `IdentityAddress`,
  `e`.`PositionName` AS `PositionName`,
  `e`.`Address` AS `Address`,
  `e`.`PhoneNumber` AS `PhoneNumber`,
  `e`.`PhoneLandline` AS `PhoneLandline`,
  `e`.`Email` AS `Email`,
  `e`.`BankAccount` AS `BankAccount`,
  `e`.`BankName` AS `BankName`,
  `e`.`BankBranch` AS `BankBranch`,
  `e`.`CreatedBy` AS `CreatedBy`,
  `e`.`CreatedDate` AS `CreatedDate`,
  `e`.`ModifiedBy` AS `ModifiedBy`,
  `e`.`ModifiedDate` AS `ModifiedDate`,
  `e`.`IsCustomer` AS `IsCustomer`,
  `e`.`IsProvider` AS `IsProvider`,
  `d`.`DepartmentId` AS `DepartmentId`,
  `d`.`DepartmentName` AS `DepartmentName`
FROM (`employee` `e`
  LEFT JOIN `department` `d`
    ON (`d`.`DepartmentId` = `e`.`DepartmentId`));

DELIMITER $$

--
-- Create procedure `Proc_Employee_GetByCode`
--
CREATE PROCEDURE Proc_Employee_GetByCode (IN EmployeeCode varchar(20))
SQL SECURITY INVOKER
COMMENT 'Thủ tục lấy nhân viên theo mã nhân viên'
BEGIN
  SELECT
    veg.EmployeeId,
    veg.EmployeeCode,
    veg.FullName,
    veg.DateOfBirth,
    veg.Gender,
    veg.IdentityNumber,
    veg.IdentityDate,
    veg.IdentityAddress,
    veg.PositionName,
    veg.Address,
    veg.PhoneNumber,
    veg.PhoneLandline,
    veg.Email,
    veg.BankAccount,
    veg.BankName,
    veg.BankBranch,
    veg.CreatedBy,
    veg.CreatedDate,
    veg.ModifiedBy,
    veg.ModifiedDate,
    veg.IsCustomer,
    veg.IsProvider,
    veg.DepartmentId,
    veg.DepartmentName
  FROM view_employee_getall veg
  WHERE veg.EmployeeCode = EmployeeCode
  ORDER BY veg.CreatedDate DESC;
END
$$

--
-- Create procedure `Proc_Employee_GetAll`
--
CREATE PROCEDURE Proc_Employee_GetAll ()
SQL SECURITY INVOKER
COMMENT 'Thủ tục lấy toàn bộ nhân viên'
BEGIN
  SELECT
    veg.EmployeeId,
    veg.EmployeeCode,
    veg.FullName,
    veg.DateOfBirth,
    veg.Gender,
    veg.IdentityNumber,
    veg.IdentityDate,
    veg.IdentityAddress,
    veg.PositionName,
    veg.Address,
    veg.PhoneNumber,
    veg.PhoneLandline,
    veg.Email,
    veg.BankAccount,
    veg.BankName,
    veg.BankBranch,
    veg.CreatedBy,
    veg.CreatedDate,
    veg.ModifiedBy,
    veg.ModifiedDate,
    veg.IsCustomer,
    veg.IsProvider,
    veg.DepartmentId,
    veg.DepartmentName
  FROM view_employee_getall veg;
END
$$

--
-- Create procedure `Proc_Employee_Filter`
--
CREATE PROCEDURE Proc_Employee_Filter (IN querySearch varchar(100), IN recordsPerPage int, IN pageOffset int, OUT totalRecord int)
SQL SECURITY INVOKER
COMMENT 'Thủ tục lọc nhân viên theo trang và tìm kiếm'
BEGIN

  SELECT
    COUNT(*) INTO totalRecord
  FROM view_employee_getall veg
  WHERE veg.FullName COLLATE utf8mb4_unicode_ci
  LIKE CONCAT('%', querySearch, '%')
  OR (veg.EmployeeCode COLLATE utf8mb4_unicode_ci
  LIKE CONCAT('%', querySearch, '%'));

  SET totalRecord = IFNULL(totalRecord, 0); -- Đảm bảo TotalRecord không bị NULL

  SELECT
    *
  FROM view_employee_getall veg
  WHERE veg.FullName COLLATE utf8mb4_unicode_ci
  LIKE CONCAT('%', querySearch, '%')
  OR (veg.EmployeeCode COLLATE utf8mb4_unicode_ci
  LIKE CONCAT('%', querySearch, '%'))
  ORDER BY veg.CreatedDate DESC
  LIMIT recordsPerPage OFFSET pageOffset;


END
$$

DELIMITER ;

--
-- Create table `provider`
--
CREATE TABLE provider (
  ProviderId char(36) NOT NULL DEFAULT '' COMMENT 'Khóa chính',
  ProviderCode varchar(20) NOT NULL DEFAULT '' COMMENT 'Mã nhà cung cấp',
  ProviderTaxCode varchar(255) DEFAULT NULL COMMENT 'Mã số thuế',
  ProviderName varchar(255) NOT NULL DEFAULT '' COMMENT 'Tên nhà cung cấp',
  ProviderPhone varchar(50) DEFAULT NULL COMMENT 'Số điện thoại',
  ProviderWebsite varchar(255) DEFAULT NULL COMMENT 'Trang web ',
  EmployeeId varchar(36) DEFAULT NULL COMMENT 'khóa ngoại',
  ProviderAddress varchar(255) DEFAULT NULL,
  ProviderIsPrivate tinyint(1) NOT NULL DEFAULT 0 COMMENT '0: là tổ chức, 1: là cá nhân',
  CreatedBy varchar(255) DEFAULT NULL COMMENT 'người tạo',
  CreatedDate datetime DEFAULT NULL COMMENT 'ngày tạo',
  ModifiedBy varchar(255) DEFAULT NULL COMMENT 'Người sửa',
  ModifiedDate datetime DEFAULT NULL COMMENT 'Ngày sửa',
  IsCustomer tinyint(1) DEFAULT 0 COMMENT '0: không là khách hàng, 1: là khách hàng',
  AccountId varchar(36) DEFAULT NULL,
  ContactFullName varchar(255) DEFAULT NULL COMMENT 'Họ và tên nhà cung cấp',
  ContactEmail varchar(255) DEFAULT NULL COMMENT 'email',
  ContactPhone varchar(50) DEFAULT NULL COMMENT 'só điện thoại người liên hệ',
  ContactRepresent varchar(255) DEFAULT NULL COMMENT 'Người đại diện theo pháp luật',
  ContactSalutation varchar(100) DEFAULT NULL COMMENT 'Xưng hô',
  ContactNote text DEFAULT NULL COMMENT 'ghi chú',
  RulePaymentCode varchar(20) DEFAULT NULL COMMENT 'Mã điều khoản thanh toán',
  AccountPaymentId varchar(36) DEFAULT NULL COMMENT 'Số tài khoản công nợ phải trả',
  AccountReceiveId varchar(36) DEFAULT NULL COMMENT 'Số tài khoản công nợ thu',
  RulePaymentDebtDay int(11) DEFAULT NULL COMMENT 'số ngày được nợ',
  RulePaymentMaxDebt decimal(18, 2) DEFAULT NULL,
  ProviderCountry varchar(255) DEFAULT NULL COMMENT 'quốc gia',
  ProviderCity varchar(255) DEFAULT NULL COMMENT 'thành phố',
  ProviderDistrict varchar(255) DEFAULT NULL COMMENT 'huyện',
  ProviderVillage varchar(255) DEFAULT NULL COMMENT 'xã',
  ReceiverName varchar(255) DEFAULT NULL COMMENT 'người nhận hóa đơn điện tử',
  ReceiverEmails text DEFAULT NULL COMMENT 'email người nhận hóa đơn',
  ReceiverPhone varchar(100) DEFAULT NULL COMMENT 'Số điện thoại người nhận hóa đơn',
  PersonIdentity varchar(100) DEFAULT NULL COMMENT 'số chưng minh nhân dân',
  PersonIdentityDate datetime DEFAULT NULL COMMENT 'Ngày cấp',
  PersonIdentityAddress varchar(255) DEFAULT NULL COMMENT 'Nơi cấp',
  PRIMARY KEY (ProviderId)
)
ENGINE = INNODB,
AVG_ROW_LENGTH = 486,
CHARACTER SET utf8mb4,
COLLATE utf8mb4_general_ci,
COMMENT = 'Bảng nhà cung cấp (Created by: ttanh(26/07/2023))';

--
-- Create index `IDX_provider_ProviderName` on table `provider`
--
ALTER TABLE provider
ADD INDEX IDX_provider_ProviderName (ProviderName);

--
-- Create index `UK_provider_ProviderCode` on table `provider`
--
ALTER TABLE provider
ADD UNIQUE INDEX UK_provider_ProviderCode (ProviderCode);

--
-- Create index `UK_provider_ProviderTaxCode` on table `provider`
--
ALTER TABLE provider
ADD INDEX UK_provider_ProviderTaxCode (ProviderTaxCode);

--
-- Create foreign key
--
ALTER TABLE provider
ADD CONSTRAINT FK_provider_EmployeeId FOREIGN KEY (EmployeeId)
REFERENCES employee (EmployeeId) ON DELETE NO ACTION;

DELIMITER $$

--
-- Create procedure `Proc_Provider_Update`
--
CREATE PROCEDURE Proc_Provider_Update (IN ProviderId varchar(36),
IN ProviderCode varchar(100),
IN ProviderTaxCode varchar(100),
IN ProviderName varchar(100),
IN ProviderPhone varchar(100),
IN ProviderWebsite varchar(100),
IN EmployeeId varchar(100),
IN ProviderAddress varchar(100),
IN ProviderIsPrivate bit,
IN ModifiedBy varchar(100),
IN ModifiedDate datetime,
IN IsCustomer bit,
IN AccountId varchar(100),
IN ContactFullName varchar(100)
, IN ContactEmail varchar(100), IN ContactPhone varchar(50), IN ContactRepresent varchar(100), IN ContactSalutation varchar(50), IN ContactNote text,
IN RulePaymentCode varchar(20), IN RulePaymentDebtDay int,
IN RulePaymentMaxDebt decimal(14, 2), IN AccountPaymentId varchar(36), IN AccountReceiveId varchar(36),
IN ProviderCountry varchar(255), IN ProviderCity varchar(255), IN ProviderDistrict varchar(255),
IN ProviderVillage varchar(255), IN ReceiverName varchar(255), IN ReceiverPhone varchar(100), IN ReceiverEmails varchar(100), IN PersonIdentity varchar(100), IN PersonIdentityDate datetime, IN PersonIdentityAddress varchar(255))
SQL SECURITY INVOKER
COMMENT 'thủ tục cập nhật (Created by: ttanh(27/07/2023))'
BEGIN
  UPDATE provider p
  SET p.ProviderCode = ProviderCode,
      p.ProviderTaxCode = ProviderTaxCode,
      p.ProviderName = ProviderName,
      p.ProviderPhone = ProviderPhone,
      p.ProviderWebsite = ProviderWebsite,
      p.EmployeeId = EmployeeId,
      p.ProviderAddress = ProviderAddress,
      p.ProviderIsPrivate = ProviderIsPrivate,
      p.ContactFullName = ContactFullName,
      p.ContactEmail = ContactEmail,
      p.ContactPhone = ContactPhone,
      p.ContactRepresent = ContactRepresent,
      p.ContactSalutation = ContactSalutation,
      p.ModifiedBy = ModifiedBy,
      p.ModifiedDate = ModifiedDate,
      p.IsCustomer = IsCustomer,
      p.AccountId = AccountId,
      p.ContactNote = ContactNote,
      p.RulePaymentCode = RulePaymentCode,
      p.RulePaymentDebtDay = RulePaymentDebtDay,
      p.RulePaymentMaxDebt = RulePaymentMaxDebt,
      p.AccountPaymentId = AccountPaymentId,
      p.AccountReceiveId = AccountReceiveId,
      p.ProviderCountry = ProviderCountry,
      p.ProviderCity = ProviderCity,
      p.ProviderDistrict = ProviderDistrict,
      p.ProviderVillage = ProviderVillage,
      p.ReceiverName = ReceiverName,
      p.ReceiverEmails = ReceiverEmails,
      p.ReceiverPhone = ReceiverPhone,
      p.PersonIdentity = PersonIdentity,
      p.PersonIdentityDate = PersonIdentityDate,
      p.PersonIdentityAddress = PersonIdentityAddress

  WHERE p.ProviderId = ProviderId;
END
$$

--
-- Create procedure `Proc_Provider_Insert`
--
CREATE PROCEDURE Proc_Provider_Insert (IN ProviderId char(36), IN ProviderCode varchar(20), IN ProviderTaxCode varchar(20), IN ProviderName varchar(100), IN ProviderPhone varchar(50), IN ProviderWebsite varchar(255), IN EmployeeId varchar(36), IN ProviderAddress varchar(255), IN ProviderIsPrivate bool, IN CreatedBy varchar(100), IN CreatedDate datetime, IN ModifiedBy varchar(100), IN ModifiedDate datetime, IN IsCustomer bool, IN AccountId varchar(36), IN ContactFullName varchar(100), IN ContactEmail varchar(100), IN ContactPhone varchar(50), IN ContactRepresent varchar(100), IN ContactSalutation varchar(50), IN ContactNote text, IN RulePaymentCode varchar(20), IN RulePaymentDebtDay int, IN RulePaymentMaxDebt decimal(14, 2), IN AccountPaymentId varchar(36), IN AccountReceiveId varchar(36), IN ProviderCountry varchar(255), IN ProviderCity varchar(255), IN ProviderDistrict varchar(255), IN ProviderVillage varchar(255), IN ReceiverName varchar(255), IN ReceiverPhone varchar(100), IN ReceiverEmails varchar(100), IN PersonIdentity varchar(100), IN PersonIdentityDate datetime, IN PersonIdentityAddress varchar(255))
SQL SECURITY INVOKER
COMMENT 'thủ tục thêm mới nhà cung cấp'
BEGIN

  INSERT INTO provider (ProviderId, ProviderCode, ProviderTaxCode, ProviderName, ProviderPhone, ProviderWebsite, EmployeeId, ProviderAddress, ProviderIsPrivate, CreatedBy, CreatedDate, ModifiedBy, ModifiedDate, IsCustomer, AccountId, ContactFullName, ContactEmail, ContactPhone, ContactRepresent, ContactSalutation, ContactNote,
  RulePaymentCode, RulePaymentDebtDay, RulePaymentMaxDebt, AccountPaymentId, AccountReceiveId, ProviderCountry, ProviderCity, ProviderDistrict, ProviderVillage, ReceiverName, ReceiverEmails, ReceiverPhone, PersonIdentity, PersonIdentityDate, PersonIdentityAddress)
    VALUES (ProviderId, ProviderCode, ProviderTaxCode, ProviderName, ProviderPhone, ProviderWebsite, EmployeeId, ProviderAddress, ProviderIsPrivate, CreatedBy, CreatedDate, ModifiedBy, ModifiedDate, IsCustomer, AccountId, ContactFullName, ContactEmail, ContactPhone, ContactRepresent, ContactSalutation, ContactNote, RulePaymentCode, RulePaymentDebtDay, RulePaymentMaxDebt, AccountPaymentId, AccountReceiveId, ProviderCountry, ProviderCity, ProviderDistrict, ProviderVillage, ReceiverName, ReceiverEmails, ReceiverPhone, PersonIdentity, PersonIdentityDate, PersonIdentityAddress);

END
$$

--
-- Create procedure `Proc_Provider_GetMaxCode`
--
CREATE PROCEDURE Proc_Provider_GetMaxCode ()
SQL SECURITY INVOKER
COMMENT 'Thủ tục lấy mã lớn nhất (Created by: 09/08/2023)'
BEGIN
  SELECT
    p.ProviderCode
  FROM provider p
  WHERE p.ProviderCode REGEXP '^NCC-[0-9]+$'
  ORDER BY LENGTH(p.ProviderCode) DESC, p.ProviderCode DESC
  LIMIT 1;
END
$$

--
-- Create procedure `Proc_Provider_DeleteMultiple`
--
CREATE PROCEDURE Proc_Provider_DeleteMultiple (IN id_list text)
SQL SECURITY INVOKER
COMMENT 'Thủ tục xóa nhiều bàn ghi'
BEGIN
  DECLARE done int DEFAULT FALSE;
  DECLARE id char(36);
  DECLARE id_cursor CURSOR FOR
  SELECT
    CAST(token AS char(36))
  FROM (SELECT
      TRIM(SUBSTRING_INDEX (SUBSTRING_INDEX (id_list, ',', n.digit + 1), ',', -1)) AS token
    FROM (SELECT
        0 digit
      UNION ALL
      SELECT
        1
      UNION ALL
      SELECT
        2
      UNION ALL
      SELECT
        3
      UNION ALL
      SELECT
        4
      UNION ALL
      SELECT
        5
      UNION ALL
      SELECT
        6
      UNION ALL
      SELECT
        7
      UNION ALL
      SELECT
        8
      UNION ALL
      SELECT
        9) n
    WHERE n.digit < LENGTH(id_list) - LENGTH(REPLACE(id_list, ',', '')) + 1) AS ids;

  DECLARE CONTINUE HANDLER FOR NOT FOUND SET done = TRUE;

  OPEN id_cursor;

read_loop:
  LOOP
    FETCH id_cursor INTO id;
    IF done THEN
      LEAVE read_loop;
    END IF;

    DELETE
      FROM provider
    WHERE ProviderId = id;
  END LOOP;

  CLOSE id_cursor;
END
$$

--
-- Create procedure `Proc_Provider_Delete`
--
CREATE PROCEDURE Proc_Provider_Delete (IN ProviderId varchar(36))
SQL SECURITY INVOKER
COMMENT 'thủ tục xóa 1 bản ghi (Created by: ttanh(27/07/2023))'
BEGIN
  DELETE
    FROM provider
  WHERE provider.ProviderId = ProviderId;
END
$$

DELIMITER ;

--
-- Create table `address_ship`
--
CREATE TABLE address_ship (
  AddressShipId char(36) DEFAULT NULL COMMENT 'khóa chính',
  Address varchar(255) DEFAULT NULL,
  ProviderId char(36) DEFAULT NULL COMMENT 'khóa ngoại',
  CreatedBy varchar(100) DEFAULT NULL,
  ModifiedBy varchar(100) DEFAULT NULL,
  CreatedDate datetime DEFAULT NULL,
  ModifiedDate datetime DEFAULT NULL
)
ENGINE = INNODB,
AVG_ROW_LENGTH = 5461,
CHARACTER SET utf8mb4,
COLLATE utf8mb4_general_ci;

--
-- Create index `IDX_address_ship_Address` on table `address_ship`
--
ALTER TABLE address_ship
ADD INDEX IDX_address_ship_Address (Address);

--
-- Create index `IDX_address_ship_ProviderId` on table `address_ship`
--
ALTER TABLE address_ship
ADD INDEX IDX_address_ship_ProviderId (ProviderId);

--
-- Create foreign key
--
ALTER TABLE address_ship
ADD CONSTRAINT FK_address_ship_ProviderId FOREIGN KEY (ProviderId)
REFERENCES provider (ProviderId) ON DELETE NO ACTION ON UPDATE NO ACTION;

DELIMITER $$

--
-- Create procedure `Proc_AddressShip_Update`
--
CREATE PROCEDURE Proc_AddressShip_Update (IN AddressShipId varchar(36), IN Address varchar(36), IN ProviderId varchar(36))
SQL SECURITY INVOKER
COMMENT 'thủ tục cập nhật (Create by: ttanh(31/07/2023))'
BEGIN
  UPDATE address_ship `as`
  SET `as`.Address = Address

  WHERE `as`.AddressShipId = AddressShipId
  AND `as`.ProviderId = ProviderId;
END
$$

--
-- Create procedure `Proc_AddressShip_Insert`
--
CREATE PROCEDURE Proc_AddressShip_Insert (IN AddressShipId varchar(36), IN Address varchar(255), IN ProviderId varchar(36), IN CreatedDate datetime, IN CreatedBy varchar(100))
SQL SECURITY INVOKER
COMMENT 'thủ tục thêm mới (Created by: ttanh(31/07/2023))'
BEGIN
  INSERT INTO address_ship (AddressShipId, Address, ProviderId, CreatedBy, CreatedDate)
    VALUES (AddressShipId, Address, ProviderId, CreatedBy, CreatedDate);

END
$$

--
-- Create procedure `Proc_AddressShip_GetByIds`
--
CREATE PROCEDURE Proc_AddressShip_GetByIds (IN ProviderId varchar(36), IN AddressShipId varchar(36))
SQL SECURITY INVOKER
COMMENT 'thủ tục lấy nhiều bản ghi theo id'
BEGIN
  SELECT
    *
  FROM address_ship `as`
  WHERE (ProviderId IS NULL
  AND `as`.AddressShipId = AddressShipId)
  OR (AddressShipId IS NULL
  AND ProviderId = `as`.ProviderId)
  OR (AddressShipId = `as`.AddressShipId
  AND ProviderId = `as`.ProviderId);
END
$$

--
-- Create procedure `Proc_AddressShip_DeleteMultiple`
--
CREATE PROCEDURE Proc_AddressShip_DeleteMultiple (IN id_list text)
SQL SECURITY INVOKER
BEGIN
  DECLARE done int DEFAULT FALSE;
  DECLARE id char(36);
  DECLARE id_cursor CURSOR FOR
  SELECT
    CAST(token AS char(36))
  FROM (SELECT
      TRIM(SUBSTRING_INDEX (SUBSTRING_INDEX (id_list, ',', n.digit + 1), ',', -1)) AS token
    FROM (SELECT
        0 digit
      UNION ALL
      SELECT
        1
      UNION ALL
      SELECT
        2
      UNION ALL
      SELECT
        3
      UNION ALL
      SELECT
        4
      UNION ALL
      SELECT
        5
      UNION ALL
      SELECT
        6
      UNION ALL
      SELECT
        7
      UNION ALL
      SELECT
        8
      UNION ALL
      SELECT
        9) n
    WHERE n.digit < LENGTH(id_list) - LENGTH(REPLACE(id_list, ',', '')) + 1) AS ids;

  DECLARE CONTINUE HANDLER FOR NOT FOUND SET done = TRUE;

  OPEN id_cursor;

read_loop:
  LOOP
    FETCH id_cursor INTO id;
    IF done THEN
      LEAVE read_loop;
    END IF;

    DELETE
      FROM address_ship
    WHERE ProviderId = id;
  END LOOP;

  CLOSE id_cursor;
END
$$

DELIMITER ;

--
-- Create table `account`
--
CREATE TABLE account (
  AccountId char(36) NOT NULL DEFAULT '' COMMENT 'Khóa chính',
  AccountCode varchar(20) NOT NULL DEFAULT '' COMMENT 'só tài khoản',
  AccountName varchar(255) NOT NULL DEFAULT '' COMMENT 'Tên tài khoản',
  AccountEnglishName varchar(255) DEFAULT NULL COMMENT 'Tên tiếng anh',
  AccountDescription text DEFAULT NULL COMMENT 'diễn giải',
  AccountStatus tinyint(1) DEFAULT 1 COMMENT 'Trạng thái',
  AccountNature tinyint(3) DEFAULT NULL COMMENT 'Tính chắt',
  AccountParentId varchar(36) DEFAULT NULL,
  Grade int(11) UNSIGNED NOT NULL DEFAULT 1 COMMENT 'Tầng của tài khoản',
  IsParent tinyint(1) DEFAULT 0 COMMENT 'Có con hay không',
  IsRoot tinyint(1) DEFAULT 1 COMMENT 'Là đỉnh hay không',
  CreatedDate datetime DEFAULT NULL COMMENT 'Ngày tạo',
  CreatedBy varchar(100) DEFAULT NULL COMMENT 'Người tạo',
  ModifiedDate datetime DEFAULT NULL COMMENT 'Ngày thay dổi',
  Modifiedby varchar(100) DEFAULT NULL COMMENT 'Người sửa',
  AccountObject int(11) DEFAULT NULL COMMENT 'Đối tượng tài khoản: 0.Nhà cung cấp 1.Khách hàng 2.Nhân viên',
  PRIMARY KEY (AccountId)
)
ENGINE = INNODB,
AVG_ROW_LENGTH = 2730,
CHARACTER SET utf8mb4,
COLLATE utf8mb4_general_ci,
COMMENT = 'Bảng tài khoản';

--
-- Create index `IDX_account_AccountName` on table `account`
--
ALTER TABLE account
ADD INDEX IDX_account_AccountName (AccountName);

--
-- Create index `IDX_account_AccountParentId` on table `account`
--
ALTER TABLE account
ADD INDEX IDX_account_AccountParentId (AccountParentId);

--
-- Create index `UK_account_AccountCode` on table `account`
--
ALTER TABLE account
ADD UNIQUE INDEX UK_account_AccountCode (AccountCode);

--
-- Create foreign key
--
ALTER TABLE account
ADD CONSTRAINT FK_account_AccountParentId FOREIGN KEY (AccountParentId)
REFERENCES account (AccountId) ON UPDATE NO ACTION;

--
-- Create view `view_account_getall`
--
CREATE
DEFINER = 'root'@'localhost'
SQL SECURITY INVOKER
VIEW view_account_getall
AS
SELECT
  `a`.`AccountId` AS `AccountId`,
  `a`.`AccountCode` AS `AccountCode`,
  `a`.`AccountName` AS `AccountName`,
  `a`.`AccountEnglishName` AS `AccountEnglishName`,
  `a`.`AccountDescription` AS `AccountDescription`,
  `a`.`AccountStatus` AS `AccountStatus`,
  `a`.`AccountNature` AS `AccountNature`,
  `a`.`AccountParentId` AS `AccountParentId`,
  `a1`.`AccountCode` AS `AccountParentCode`,
  `a`.`Grade` AS `Grade`,
  `a`.`IsParent` AS `IsParent`,
  `a`.`IsRoot` AS `IsRoot`,
  `a`.`CreatedDate` AS `CreatedDate`,
  `a`.`CreatedBy` AS `CreatedBy`,
  `a`.`ModifiedDate` AS `ModifiedDate`,
  `a`.`Modifiedby` AS `Modifiedby`,
  `a`.`AccountObject` AS `AccountObject`
FROM (`account` `a`
  LEFT JOIN `account` `a1`
    ON (`a`.`AccountParentId` = `a1`.`AccountId`));

DELIMITER $$

--
-- Create procedure `Proc_Account_Search`
--
CREATE PROCEDURE Proc_Account_Search (IN querySearch varchar(255))
SQL SECURITY INVOKER
COMMENT 'lấy bản gh  theo từ khóa(Created by: ttanh(11/08/2023))'
BEGIN
  SELECT
    vag.AccountId,
    vag.AccountCode,
    vag.AccountName,
    vag.AccountEnglishName,
    vag.AccountDescription,
    vag.AccountStatus,
    vag.AccountNature,
    vag.AccountParentId,
    vag.AccountParentCode,
    vag.Grade,
    vag.IsParent,
    vag.IsRoot,
    vag.CreatedDate,
    vag.CreatedBy,
    vag.ModifiedDate,
    vag.Modifiedby,
    vag.AccountObject
  FROM view_account_getall vag
  WHERE (vag.AccountName COLLATE utf8mb4_unicode_ci LIKE CONCAT('%', querySearch, '%')
  OR vag.AccountCode COLLATE utf8mb4_unicode_ci LIKE CONCAT('%', querySearch, '%'));
END
$$

--
-- Create procedure `Proc_Account_GetChildren`
--
CREATE PROCEDURE Proc_Account_GetChildren (IN parentId varchar(36),
IN parentCode varchar(20))
SQL SECURITY INVOKER
COMMENT 'Lấy con của tài khoản'
BEGIN
  SELECT
    a.AccountId,
    a.AccountCode,
    a.AccountName,
    a.AccountEnglishName,
    a.AccountDescription,
    a.AccountStatus,
    a.AccountNature,
    a.AccountParentId,
    a.AccountParentCode,
    a.Grade,
    a.IsParent,
    a.IsRoot,
    a.CreatedDate,
    a.CreatedBy,
    a.ModifiedDate,
    a.Modifiedby,
    a.AccountObject
  FROM `misa.web202304_mf1641_ttanh`.view_account_getall a
  WHERE (parentCode IS NULL
  AND a.AccountParentId = parentId)
  OR (parentCode IS NOT NULL
  AND a.AccountCode LIKE CONCAT(parentCode, '%')
  AND a.AccountId != parentId);


END
$$

--
-- Create procedure `Proc_Account_GetByObject`
--
CREATE PROCEDURE Proc_Account_GetByObject (IN object int)
SQL SECURITY INVOKER
COMMENT 'Thủ tục lấy tài khoản theo đối tượng'
BEGIN
  SELECT
    *
  FROM view_account_getall vag
  WHERE (object IS NULL
  AND vag.AccountObject IS NULL)
  OR vag.AccountObject = object;
END
$$

--
-- Create procedure `Proc_Account_GetById`
--
CREATE PROCEDURE Proc_Account_GetById (IN AccountId varchar(36))
SQL SECURITY INVOKER
COMMENT 'Thủ tục lấy toàn khoản theo id (CreatedBy: ttanh(21/07/2023))'
BEGIN
  SELECT
    a.AccountId,
    a.AccountCode,
    a.AccountName,
    a.AccountEnglishName,
    a.AccountDescription,
    a.AccountStatus,
    a.AccountNature,
    a.AccountParentId,
    a.AccountParentCode,
    a.Grade,
    a.IsParent,
    a.IsRoot,
    a.CreatedDate,
    a.CreatedBy,
    a.ModifiedDate,
    a.Modifiedby,
    a.AccountObject
  FROM `misa.web202304_mf1641_ttanh`.view_account_getall a
  WHERE a.AccountId = AccountId;
END
$$

--
-- Create procedure `Proc_Account_GetByCode`
--
CREATE PROCEDURE Proc_Account_GetByCode (IN AccountCode varchar(20))
SQL SECURITY INVOKER
COMMENT 'Thủ tục lấy tài khoản theo số tài khoản (CreatedBy: ttanh(21/07/2023))'
BEGIN
  SELECT
    a.AccountId,
    a.AccountCode,
    a.AccountName,
    a.AccountEnglishName,
    a.AccountDescription,
    a.AccountStatus,
    a.AccountNature,
    a.AccountParentId,
    a.AccountParentCode,
    a.Grade,
    a.IsParent,
    a.IsRoot,
    a.CreatedDate,
    a.CreatedBy,
    a.ModifiedDate,
    a.Modifiedby,
    a.AccountObject
  FROM `misa.web202304_mf1641_ttanh`.view_account_getall a
  WHERE a.AccountCode = AccountCode;
END
$$

--
-- Create procedure `Proc_Account_Filter`
--
CREATE PROCEDURE Proc_Account_Filter (IN inputSearch varchar(100), IN pageSize int, IN isRoot bool, IN pageOffset int, OUT totalRecord int, OUT totalRoot int)
SQL SECURITY INVOKER
COMMENT 'Thủ tục lọc tài khoản và phân trang'
BEGIN

  SELECT
    COUNT(a.AccountId) INTO totalRecord
  FROM account a
  WHERE (a.AccountCode LIKE CONCAT('%', inputSearch, '%')
  OR a.AccountCode LIKE CONCAT('%', inputSearch, '%'));


  SET totalRecord = IFNULL(totalRecord, 0); -- Đảm bảo TotalRecord không bị NULL

  SELECT
    COUNT(a.AccountId) INTO totalRoot
  FROM account a
  WHERE (a.AccountCode LIKE CONCAT('%', inputSearch, '%')
  OR a.AccountCode LIKE CONCAT('%', inputSearch, '%'))
  AND a.IsRoot = isRoot;


  SET totalRecord = IFNULL(totalRecord, 0); -- Đảm bảo TotalRecord không bị NULL

  SELECT
    vag.AccountId,
    vag.AccountCode,
    vag.AccountName,
    vag.AccountEnglishName,
    vag.AccountDescription,
    vag.AccountStatus,
    vag.AccountNature,
    vag.AccountParentId,
    vag.AccountParentCode,
    vag.Grade,
    vag.IsParent,
    vag.IsRoot,
    vag.CreatedDate,
    vag.CreatedBy,
    vag.ModifiedDate,
    vag.Modifiedby,
    vag.AccountObject
  FROM view_account_getall vag
  WHERE (vag.AccountName COLLATE utf8mb4_unicode_ci LIKE CONCAT('%', inputSearch, '%')
  OR vag.AccountCode COLLATE utf8mb4_unicode_ci LIKE CONCAT('%', inputSearch, '%'))
  AND (vag.IsRoot = isRoot
  OR isRoot IS NULL)
  ORDER BY vag.AccountCode LIMIT PageSize OFFSET pageOffset;
END
$$

DELIMITER ;

--
-- Create table `accountant`
--
CREATE TABLE accountant (
  AccountantId char(36) NOT NULL DEFAULT '' COMMENT 'khóa chính',
  AccountantDescription varchar(255) DEFAULT NULL COMMENT 'diễn giải',
  AccountDebtId char(36) DEFAULT NULL COMMENT 'tài khoản nợ',
  AccountBalanceId char(36) DEFAULT NULL COMMENT 'tài khoản có',
  ReceiptId varchar(36) DEFAULT NULL COMMENT 'khóa ngoại liên kết với bảng receipt',
  AccountantMoney int(11) DEFAULT NULL COMMENT 'Số tiền',
  CreatedDate datetime DEFAULT NULL COMMENT 'ngày tạo',
  CreatedBy varchar(255) DEFAULT NULL COMMENT 'người tạo',
  ModifiedDate datetime DEFAULT NULL COMMENT 'ngày thay đổi',
  ModifiedBy varchar(255) DEFAULT NULL COMMENT 'người tạo',
  PRIMARY KEY (AccountantId)
)
ENGINE = INNODB,
AVG_ROW_LENGTH = 655,
CHARACTER SET utf8mb4,
COLLATE utf8mb4_general_ci,
COMMENT = 'bảng hạch toán';

--
-- Create foreign key
--
ALTER TABLE accountant
ADD CONSTRAINT FK_accountant_AccountBalanceId FOREIGN KEY (AccountBalanceId)
REFERENCES account (AccountId) ON DELETE NO ACTION;

--
-- Create foreign key
--
ALTER TABLE accountant
ADD CONSTRAINT FK_accountant_AccountDebtId FOREIGN KEY (AccountDebtId)
REFERENCES account (AccountId) ON DELETE NO ACTION;

DELIMITER $$

--
-- Create procedure `Proc_Accountant_DeleteMultipleByParentIds`
--
CREATE PROCEDURE Proc_Accountant_DeleteMultipleByParentIds (IN id_list text)
SQL SECURITY INVOKER
COMMENT 'Thủ tục xóa nhiều bản ghi theo dãy id cha (Created by: ttanh(06/08/2023))'
BEGIN
  DECLARE done int DEFAULT FALSE;
  DECLARE id char(36);
  DECLARE id_cursor CURSOR FOR
  SELECT
    CAST(token AS char(36))
  FROM (SELECT
      TRIM(SUBSTRING_INDEX (SUBSTRING_INDEX (id_list, ',', n.digit + 1), ',', -1)) AS token
    FROM (SELECT
        0 digit
      UNION ALL
      SELECT
        1
      UNION ALL
      SELECT
        2
      UNION ALL
      SELECT
        3
      UNION ALL
      SELECT
        4
      UNION ALL
      SELECT
        5
      UNION ALL
      SELECT
        6
      UNION ALL
      SELECT
        7
      UNION ALL
      SELECT
        8
      UNION ALL
      SELECT
        9) n
    WHERE n.digit < LENGTH(id_list) - LENGTH(REPLACE(id_list, ',', '')) + 1) AS ids;

  DECLARE CONTINUE HANDLER FOR NOT FOUND SET done = TRUE;

  OPEN id_cursor;

read_loop:
  LOOP
    FETCH id_cursor INTO id;
    IF done THEN
      LEAVE read_loop;
    END IF;

    DELETE
      FROM accountant
    WHERE ReceiptId = id;
  END LOOP;

  CLOSE id_cursor;
END
$$

--
-- Create procedure `Proc_Accountant_DeleteMultiple`
--
CREATE PROCEDURE Proc_Accountant_DeleteMultiple (IN id_list text)
SQL SECURITY INVOKER
COMMENT 'Thủ tục xóa nhiều (Created by: ttanh(03/08/2023))'
BEGIN
  DECLARE done int DEFAULT FALSE;
  DECLARE id char(36);
  DECLARE id_cursor CURSOR FOR
  SELECT
    CAST(token AS char(36))
  FROM (SELECT
      TRIM(SUBSTRING_INDEX (SUBSTRING_INDEX (id_list, ',', n.digit + 1), ',', -1)) AS token
    FROM (SELECT
        0 digit
      UNION ALL
      SELECT
        1
      UNION ALL
      SELECT
        2
      UNION ALL
      SELECT
        3
      UNION ALL
      SELECT
        4
      UNION ALL
      SELECT
        5
      UNION ALL
      SELECT
        6
      UNION ALL
      SELECT
        7
      UNION ALL
      SELECT
        8
      UNION ALL
      SELECT
        9) n
    WHERE n.digit < LENGTH(id_list) - LENGTH(REPLACE(id_list, ',', '')) + 1) AS ids;

  DECLARE CONTINUE HANDLER FOR NOT FOUND SET done = TRUE;

  OPEN id_cursor;

read_loop:
  LOOP
    FETCH id_cursor INTO id;
    IF done THEN
      LEAVE read_loop;
    END IF;

    DELETE
      FROM accountant
    WHERE AccountantId = id;
  END LOOP;

  CLOSE id_cursor;
END
$$

--
-- Create procedure `Proc_Accountant_DeleteByParentId`
--
CREATE PROCEDURE Proc_Accountant_DeleteByParentId (IN ReceiptId char(36))
SQL SECURITY INVOKER
BEGIN
  DELETE
    FROM accountant
  WHERE accountant.ReceiptId = ReceiptId;
END
$$

DELIMITER ;

--
-- Create view `view_accountant_getall`
--
CREATE
DEFINER = 'root'@'localhost'
VIEW view_accountant_getall
AS
SELECT
  `a`.`AccountantId` AS `AccountantId`,
  `a`.`AccountantDescription` AS `AccountantDescription`,
  `a`.`AccountDebtId` AS `AccountDebtId`,
  `a`.`AccountBalanceId` AS `AccountBalanceId`,
  `a`.`ReceiptId` AS `ReceiptId`,
  `a`.`AccountantMoney` AS `AccountantMoney`,
  `a`.`CreatedDate` AS `CreatedDate`,
  `a`.`CreatedBy` AS `CreatedBy`,
  `a`.`ModifiedDate` AS `ModifiedDate`,
  `a`.`ModifiedBy` AS `ModifiedBy`,
  `a1`.`AccountCode` AS `AccountDebtCode`,
  `a2`.`AccountCode` AS `AccountBalanceCode`
FROM ((`accountant` `a`
  JOIN `account` `a1`
    ON (`a`.`AccountDebtId` = `a1`.`AccountId`))
  JOIN `account` `a2`
    ON (`a`.`AccountBalanceId` = `a2`.`AccountId`));

--
-- Create table `group`
--
CREATE TABLE `group` (
  GroupId char(36) NOT NULL DEFAULT '' COMMENT 'Khóa chính',
  GroupCode varchar(20) NOT NULL DEFAULT '' COMMENT 'Mã nhóm nhà cung cấp',
  GroupName varchar(255) NOT NULL DEFAULT '' COMMENT 'Tên nhóm nhà cung cấp',
  CreatedBy varchar(255) DEFAULT NULL COMMENT 'Người tạo',
  CreatedDate datetime DEFAULT NULL COMMENT 'ngày tạo',
  ModifiedBy varchar(255) DEFAULT NULL COMMENT 'Người sửa',
  ModifiedDate datetime DEFAULT NULL COMMENT 'ngày sửa',
  PRIMARY KEY (GroupId)
)
ENGINE = INNODB,
AVG_ROW_LENGTH = 2340,
CHARACTER SET utf8mb4,
COLLATE utf8mb4_general_ci,
COMMENT = 'Bảng nhóm nhà cung cấp (Created by: ttanh(26/07/2023))';

DELIMITER $$

--
-- Create procedure `Proc_Group_GetFilter`
--
CREATE PROCEDURE Proc_Group_GetFilter (IN pageSize int, IN pageOffset int, IN querySearch varchar(100))
SQL SECURITY INVOKER
COMMENT 'Thủ tục lọc bản ghi (Created by: ttanh(29/07/2023))'
BEGIN
  SELECT
    *
  FROM `group` g
  WHERE g.GroupCode COLLATE utf8mb4_unicode_ci
  LIKE CONCAT('%', querySearch, '%')
  OR (g.GroupName COLLATE utf8mb4_unicode_ci
  LIKE CONCAT('%', querySearch, '%'))
  ORDER BY g.CreatedDate DESC
  LIMIT pageSize OFFSET pageOffset;
END
$$

DELIMITER ;

--
-- Create table `group_provider`
--
CREATE TABLE group_provider (
  ProviderId char(36) NOT NULL DEFAULT '' COMMENT 'Khóa chính ',
  GroupId char(36) NOT NULL DEFAULT '',
  CreatedBy varchar(255) DEFAULT NULL,
  CreatedDate datetime DEFAULT NULL,
  ModifiedBy varchar(255) DEFAULT NULL,
  ModifiedDate datetime DEFAULT NULL,
  GroupCode varchar(20) DEFAULT NULL COMMENT 'mã nhóm nhà cung cấp',
  PRIMARY KEY (GroupId, ProviderId)
)
ENGINE = INNODB,
AVG_ROW_LENGTH = 309,
CHARACTER SET utf8mb4,
COLLATE utf8mb4_general_ci,
COMMENT = 'Bảng nối giữ nhóm nhà cung cấp và nhà cung cấp (Created by: ttanh(26/07/2023))';

--
-- Create foreign key
--
ALTER TABLE group_provider
ADD CONSTRAINT FK_group_provider_GroupId FOREIGN KEY (GroupId)
REFERENCES `group` (GroupId) ON DELETE NO ACTION;

--
-- Create foreign key
--
ALTER TABLE group_provider
ADD CONSTRAINT FK_group_provider_ProviderId FOREIGN KEY (ProviderId)
REFERENCES provider (ProviderId) ON DELETE NO ACTION;

DELIMITER $$

--
-- Create procedure `Proc_GroupProvider_Update`
--
CREATE PROCEDURE Proc_GroupProvider_Update (IN ProviderId varchar(36), IN oldGroupId varchar(36), IN newGroupId varchar(36))
SQL SECURITY INVOKER
COMMENT 'thủ tục cập nhật bản ghi (Created by: ttan(27/07/2023))'
BEGIN
  UPDATE group_provider gp
  SET gp.ProviderId = ProviderId,
      gp.GroupId = newGroupId,

      gp.ModifiedDate = NOW()
  WHERE GroupId = ''
  AND gp.ProviderId = oldGroupId;
END
$$

--
-- Create procedure `Proc_GroupProvider_Insert`
--
CREATE PROCEDURE Proc_GroupProvider_Insert (IN GroupId char(36), IN ProviderId char(36), IN CreatedDate datetime, IN CreatedBy varchar(100))
SQL SECURITY INVOKER
COMMENT 'thủ tục thêm bảng ghi ở bảng trung gian provider - group (Created by: ttanh(26/07/2023))'
BEGIN
  INSERT INTO group_provider (ProviderId, GroupId, CreatedBy, CreatedDate)
    VALUES (ProviderId, GroupId, CreatedBy, CreatedDate);
END
$$

--
-- Create procedure `Proc_GroupProvider_GetByIds`
--
CREATE PROCEDURE Proc_GroupProvider_GetByIds (IN ProviderId varchar(36), IN GroupId varchar(36))
SQL SECURITY INVOKER
BEGIN

  SELECT
    *
  FROM group_provider gp
  WHERE (ProviderId IS NULL
  AND gp.GroupId = GroupId)
  OR (GroupId IS NULL
  AND ProviderId = gp.ProviderId)
  OR (GroupId = gp.GroupId
  AND ProviderId = gp.ProviderId);

END
$$

--
-- Create procedure `Proc_GroupProvider_DeleteMultiple`
--
CREATE PROCEDURE Proc_GroupProvider_DeleteMultiple (IN id_list text)
SQL SECURITY INVOKER
COMMENT 'Thủ tục xóa nhiều bản ghi(Created by: ttanh(30/07/2023))'
BEGIN
  DECLARE done int DEFAULT FALSE;
  DECLARE id char(36);
  DECLARE id_cursor CURSOR FOR
  SELECT
    CAST(token AS char(36))
  FROM (SELECT
      TRIM(SUBSTRING_INDEX (SUBSTRING_INDEX (id_list, ',', n.digit + 1), ',', -1)) AS token
    FROM (SELECT
        0 digit
      UNION ALL
      SELECT
        1
      UNION ALL
      SELECT
        2
      UNION ALL
      SELECT
        3
      UNION ALL
      SELECT
        4
      UNION ALL
      SELECT
        5
      UNION ALL
      SELECT
        6
      UNION ALL
      SELECT
        7
      UNION ALL
      SELECT
        8
      UNION ALL
      SELECT
        9) n
    WHERE n.digit < LENGTH(id_list) - LENGTH(REPLACE(id_list, ',', '')) + 1) AS ids;

  DECLARE CONTINUE HANDLER FOR NOT FOUND SET done = TRUE;

  OPEN id_cursor;

read_loop:
  LOOP
    FETCH id_cursor INTO id;
    IF done THEN
      LEAVE read_loop;
    END IF;

    DELETE
      FROM group_provider
    WHERE ProviderId = id;
  END LOOP;

  CLOSE id_cursor;
END
$$

--
-- Create procedure `Proc_GroupProvider_Delete`
--
CREATE PROCEDURE Proc_GroupProvider_Delete (IN ProviderId varchar(36), IN GroupId varchar(36))
SQL SECURITY INVOKER
BEGIN

  DELETE
    FROM group_provider
  WHERE group_provider.ProviderId = ProviderId
    AND group_provider.GroupId = GroupId;

END
$$

DELIMITER ;

--
-- Create table `receipt`
--
CREATE TABLE receipt (
  ReceiptId char(36) NOT NULL DEFAULT '' COMMENT 'khóa chính',
  ReceiptCode varchar(20) DEFAULT NULL COMMENT 'só chứng từ',
  ReceiptDescription varchar(255) DEFAULT NULL,
  ReceiptType tinyint(1) DEFAULT 0 COMMENT 'loại phiếu: 0.PHiếu chi, 1. phiếu thu',
  EmployeeId varchar(36) DEFAULT NULL COMMENT 'khóa ngoại đén bẳng employee',
  ReceiptAddress varchar(255) DEFAULT NULL COMMENT 'Địa chỉ',
  ProviderId varchar(36) DEFAULT NULL COMMENT 'khóa ngoại',
  ProviderName varchar(255) DEFAULT NULL COMMENT 'Tên đối tượng',
  ReceiptReceiver varchar(255) DEFAULT NULL COMMENT 'tên người nhận',
  ReceiptAttachNumber int(11) DEFAULT NULL COMMENT 'Số lượng kèm theo',
  DateAccounting datetime DEFAULT NULL COMMENT 'ngày hạch toán',
  ReceiptDate datetime DEFAULT NULL COMMENT 'ngày phiếu chi',
  TotalMoney decimal(18, 4) DEFAULT NULL COMMENT 'tổng tiền',
  CreatedDate datetime DEFAULT NULL COMMENT 'ngày tạo',
  CreatedBy varchar(255) DEFAULT NULL COMMENT 'Ngày tạo',
  ModifiedDate datetime DEFAULT NULL COMMENT 'ngày thay đổi',
  ModifiedBy varchar(255) DEFAULT NULL COMMENT 'ngày thay đổi',
  IsNoted tinyint(1) DEFAULT 0 COMMENT 'Đã ghi sổ chưa: 0.Chưa ghi sổ, 1.Đã ghi sổ',
  ProviderCode varchar(20) DEFAULT NULL,
  PRIMARY KEY (ReceiptId)
)
ENGINE = INNODB,
AVG_ROW_LENGTH = 378,
CHARACTER SET utf8mb4,
COLLATE utf8mb4_general_ci,
COMMENT = 'bảng phiếu thu/chi';

--
-- Create index `IDX_receipt_EntityId` on table `receipt`
--
ALTER TABLE receipt
ADD INDEX IDX_receipt_EntityId (ProviderId);

--
-- Create index `UK_receipt_ReceiptCode` on table `receipt`
--
ALTER TABLE receipt
ADD UNIQUE INDEX UK_receipt_ReceiptCode (ReceiptCode);

DELIMITER $$

--
-- Create procedure `Proc_Receipt_Update`
--
CREATE PROCEDURE Proc_Receipt_Update (IN ReceiptId char(36),
IN ReceiptCode varchar(20),
IN ReceiptDescription varchar(255),
IN ReceiptType tinyint,
IN EmployeeId varchar(36),
IN ReceiptAddress varchar(255),
IN ProviderId varchar(36),
IN ProviderName varchar(255),
IN ReceiptReceiver varchar(255),
IN ReceiptAttachNumber int,
IN DateAccounting datetime,
IN ReceiptDate datetime,
IN TotalMoney decimal(18, 4),
IN ModifiedDate datetime,
IN ModifiedBy varchar(255),
IN IsNoted tinyint,
IN ProviderCode varchar(20))
SQL SECURITY INVOKER
COMMENT 'Thủ tục cập nhật phiếu (Created by: ttanh(05/08/2023))'
BEGIN
  UPDATE `misa.web202304_mf1641_ttanh`.receipt r
  SET r.ReceiptCode = ReceiptCode,
      r.ReceiptDescription = ReceiptDescription,
      r.ReceiptType = ReceiptType,
      r.EmployeeId = EmployeeId,
      r.ReceiptAddress = ReceiptAddress,
      r.ProviderId = ProviderId,
      r.ProviderName = ProviderName,
      r.ReceiptReceiver = ReceiptReceiver,
      r.ReceiptAttachNumber = ReceiptAttachNumber,
      r.DateAccounting = DateAccounting,
      r.ReceiptDate = ReceiptDate,
      r.TotalMoney = TotalMoney,
      r.ModifiedDate = ModifiedDate,
      r.ModifiedBy = ModifiedBy,
      r.IsNoted = IsNoted,
      r.ProviderCode = ProviderCode
  WHERE r.ReceiptId = ReceiptId;
END
$$

--
-- Create procedure `Proc_Receipt_Insert`
--
CREATE PROCEDURE Proc_Receipt_Insert (IN ReceiptId char(36),
IN ReceiptCode varchar(20),
IN ReceiptDescription varchar(255),
IN ReceiptType bool,
IN EmployeeId varchar(36),
IN ReceiptAddress varchar(255),
IN ProviderId varchar(36),
IN ProviderName varchar(255),
IN ProviderCode varchar(20),
IN ReceiptReceiver varchar(255),
IN ReceiptAttachNumber int,
IN DateAccounting datetime,
IN ReceiptDate datetime,
IN TotalMoney decimal(18, 4),
IN CreatedDate datetime,
IN CreatedBy varchar(255),
IN ModifiedDate datetime,
IN ModifiedBy varchar(255),
IN IsNoted bool)
SQL SECURITY INVOKER
COMMENT 'Thủ tục thêm mới phiếu(Created by: ttanh(03/08/2023))'
BEGIN
  INSERT INTO `misa.web202304_mf1641_ttanh`.receipt (ReceiptId,
  ReceiptCode,
  ReceiptDescription,
  ReceiptType,
  EmployeeId,
  ReceiptAddress,
  ProviderId,
  ProviderName,
  ReceiptReceiver,
  ReceiptAttachNumber,
  DateAccounting,
  ReceiptDate,
  TotalMoney,
  CreatedDate,
  CreatedBy,
  ModifiedDate,
  ModifiedBy,
  IsNoted, ProviderCode)
    VALUES (ReceiptId, ReceiptCode, ReceiptDescription, ReceiptType, EmployeeId, ReceiptAddress, ProviderId, ProviderName, ReceiptReceiver, ReceiptAttachNumber, DateAccounting, ReceiptDate, TotalMoney, CreatedDate, CreatedBy, ModifiedDate, ModifiedBy, IsNoted, ProviderCode);
END
$$

--
-- Create procedure `Proc_Receipt_GetMaxCode`
--
CREATE PROCEDURE Proc_Receipt_GetMaxCode ()
SQL SECURITY INVOKER
COMMENT 'Thủ tục lấy mã lơn nhất (Created by: ttanh(07/08/2023))'
BEGIN
  SELECT
    r.ReceiptCode
  FROM receipt r
  WHERE r.ReceiptCode REGEXP '^PC[0-9]+$'
  ORDER BY LENGTH(r.ReceiptCode) DESC, r.ReceiptCode DESC
  LIMIT 1;
END
$$

--
-- Create procedure `Proc_Receipt_GetByCode`
--
CREATE PROCEDURE Proc_Receipt_GetByCode (IN ReceiptCode varchar(20))
SQL SECURITY INVOKER
COMMENT 'Thủ tục phiếu theo mã (Created by: ttanh(03/08/2023))'
BEGIN

  SELECT
    *
  FROM receipt r
  WHERE r.ReceiptCode = ReceiptCode;

END
$$

--
-- Create procedure `Proc_Receipt_DeleteMultiple`
--
CREATE PROCEDURE Proc_Receipt_DeleteMultiple (IN id_list text)
SQL SECURITY INVOKER
COMMENT 'Thủ tục xóa nhiều (Created by: ttanh(06/-8/2023))'
BEGIN
  DECLARE done int DEFAULT FALSE;
  DECLARE id char(36);
  DECLARE id_cursor CURSOR FOR
  SELECT
    CAST(token AS char(36))
  FROM (SELECT
      TRIM(SUBSTRING_INDEX (SUBSTRING_INDEX (id_list, ',', n.digit + 1), ',', -1)) AS token
    FROM (SELECT
        0 digit
      UNION ALL
      SELECT
        1
      UNION ALL
      SELECT
        2
      UNION ALL
      SELECT
        3
      UNION ALL
      SELECT
        4
      UNION ALL
      SELECT
        5
      UNION ALL
      SELECT
        6
      UNION ALL
      SELECT
        7
      UNION ALL
      SELECT
        8
      UNION ALL
      SELECT
        9) n
    WHERE n.digit < LENGTH(id_list) - LENGTH(REPLACE(id_list, ',', '')) + 1) AS ids;

  DECLARE CONTINUE HANDLER FOR NOT FOUND SET done = TRUE;

  OPEN id_cursor;

read_loop:
  LOOP
    FETCH id_cursor INTO id;
    IF done THEN
      LEAVE read_loop;
    END IF;

    DELETE
      FROM receipt
    WHERE ReceiptId = id;
  END LOOP;

  CLOSE id_cursor;
END
$$

--
-- Create procedure `Proc_Receipt_Delete`
--
CREATE DEFINER = 'root'@'localhost'
PROCEDURE Proc_Receipt_Delete (IN ReceiptId char(36))
COMMENT 'Thủ tục xóa (Created by: ttanh(03/08/2023))'
BEGIN
  DELETE LOW_PRIORITY QUICK
    FROM receipt
  WHERE receipt.ReceiptId = ReceiptId;


END
$$

DELIMITER ;

--
-- Create view `view_receipt_getall`
--
CREATE
DEFINER = 'root'@'localhost'
SQL SECURITY INVOKER
VIEW view_receipt_getall
AS
SELECT
  `r`.`ReceiptId` AS `ReceiptId`,
  `r`.`ReceiptCode` AS `ReceiptCode`,
  `r`.`ReceiptDescription` AS `ReceiptDescription`,
  `r`.`ReceiptType` AS `ReceiptType`,
  `r`.`ReceiptReceiver` AS `ReceiptReceiver`,
  `r`.`ReceiptAttachNumber` AS `ReceiptAttachNumber`,
  `r`.`DateAccounting` AS `DateAccounting`,
  `r`.`ReceiptDate` AS `ReceiptDate`,
  `r`.`TotalMoney` AS `TotalMoney`,
  `r`.`CreatedDate` AS `CreatedDate`,
  `r`.`CreatedBy` AS `CreatedBy`,
  `r`.`ModifiedDate` AS `ModifiedDate`,
  `r`.`ModifiedBy` AS `ModifiedBy`,
  `r`.`IsNoted` AS `IsNoted`,
  `r`.`EmployeeId` AS `EmployeeId`,
  `e`.`FullName` AS `FullName`,
  `r`.`ProviderId` AS `ProviderId`,
  `r`.`ProviderName` AS `ProviderName`,
  `r`.`ReceiptAddress` AS `ReceiptAddress`,
  `r`.`ProviderCode` AS `ProviderCode`,
  `vag`.`AccountantId` AS `AccountantId`,
  `vag`.`AccountantDescription` AS `AccountantDescription`,
  `vag`.`AccountDebtId` AS `AccountDebtId`,
  `vag`.`AccountBalanceId` AS `AccountBalanceId`,
  `vag`.`AccountantMoney` AS `AccountantMoney`,
  `vag`.`AccountDebtCode` AS `AccountDebtCode`,
  `vag`.`AccountBalanceCode` AS `AccountBalanceCode`
FROM ((`receipt` `r`
  LEFT JOIN `employee` `e`
    ON (`e`.`EmployeeId` = `r`.`EmployeeId`))
  LEFT JOIN `view_accountant_getall` `vag`
    ON (`r`.`ReceiptId` = `vag`.`ReceiptId`));

DELIMITER $$

--
-- Create procedure `Proc_Receipt_GetFilter`
--
CREATE PROCEDURE Proc_Receipt_GetFilter (IN pageSize int, IN pageOffset int, IN querySearch varchar(255), IN type bool, OUT totalRecord int)
SQL SECURITY INVOKER
COMMENT 'thủ tục lọc dữ liệu'
BEGIN
  SELECT
    COUNT(1) INTO totalRecord
  FROM (SELECT
      vrg.ReceiptId
    FROM view_receipt_getall vrg
    WHERE ((vrg.ReceiptCode COLLATE utf8mb4_unicode_ci
    LIKE CONCAT('%', querySearch, '%')
    OR (vrg.ReceiptDescription COLLATE utf8mb4_unicode_ci
    LIKE CONCAT('%', querySearch, '%')))
    AND (type IS NULL
    OR type = vrg.ReceiptType))
    GROUP BY vrg.ReceiptId) r;

  SET totalRecord = IFNULL(totalRecord, 0); -- Đảm bảo TotalRecord không bị NULL

  SELECT
    *
  FROM view_receipt_getall vrg
  WHERE ((vrg.ReceiptCode COLLATE utf8mb4_unicode_ci
  LIKE CONCAT('%', querySearch, '%')
  OR (vrg.ReceiptDescription COLLATE utf8mb4_unicode_ci
  LIKE CONCAT('%', querySearch, '%')))
  AND (type IS NULL
  OR type = vrg.ReceiptType))
  GROUP BY vrg.ReceiptId
  ORDER BY vrg.CreatedDate DESC
  LIMIT pageSize OFFSET pageOffset;

END
$$

--
-- Create procedure `Proc_Receipt_GetById`
--
CREATE DEFINER = 'root'@'localhost'
PROCEDURE Proc_Receipt_GetById (IN ReceiptId varchar(36))
BEGIN
  SELECT
    vrg.ReceiptId,
    vrg.ReceiptCode,
    vrg.ReceiptDescription,
    vrg.ReceiptType,
    vrg.ReceiptReceiver,
    vrg.ReceiptAttachNumber,
    vrg.DateAccounting,
    vrg.ReceiptDate,
    vrg.TotalMoney,
    vrg.CreatedDate,
    vrg.CreatedBy,
    vrg.ModifiedDate,
    vrg.ModifiedBy,
    vrg.IsNoted,
    vrg.ProviderId,
    vrg.ProviderName,
    vrg.ReceiptAddress,
    vrg.ProviderCode,

    vrg.EmployeeId,
    vrg.FullName,

    vrg.AccountantId,
    vrg.AccountantDescription,
    vrg.AccountDebtId,
    vrg.AccountBalanceId,
    vrg.AccountantMoney,
    vrg.AccountDebtCode,
    vrg.AccountBalanceCode
  FROM view_receipt_getall vrg
  WHERE vrg.ReceiptId = ReceiptId;
END
$$

DELIMITER ;

--
-- Create table `bank_account`
--
CREATE TABLE bank_account (
  BankAccountId char(36) NOT NULL DEFAULT '' COMMENT 'Khóa chính',
  BankAccountNumber varchar(100) DEFAULT NULL COMMENT 'Số tài khoản',
  BankName varchar(255) DEFAULT NULL COMMENT 'Tên ngân hàng',
  BankBranch varchar(255) DEFAULT NULL COMMENT 'chi nhánh',
  BankCity varchar(255) DEFAULT NULL COMMENT 'thành phó ',
  ProviderId char(36) DEFAULT NULL COMMENT 'khóa ngoại',
  CreatedBy varchar(100) DEFAULT NULL,
  CreatedDate datetime DEFAULT NULL,
  ModifiedBy varchar(100) DEFAULT NULL,
  ModifiedDate datetime DEFAULT NULL,
  PRIMARY KEY (BankAccountId)
)
ENGINE = INNODB,
AVG_ROW_LENGTH = 963,
CHARACTER SET latin1,
COLLATE latin1_swedish_ci,
COMMENT = 'bảng tài khoản ngân hàng';

--
-- Create index `IDX_bank_account_BankName` on table `bank_account`
--
ALTER TABLE bank_account
ADD INDEX IDX_bank_account_BankName (BankName);

--
-- Create index `UK_bank_account_BankAccountNumber` on table `bank_account`
--
ALTER TABLE bank_account
ADD INDEX UK_bank_account_BankAccountNumber (BankAccountNumber);

DELIMITER $$

--
-- Create procedure `Proc_BankAccount_Update`
--
CREATE PROCEDURE Proc_BankAccount_Update (IN BankAccountId varchar(255), IN BankAccountNumber varchar(255), IN BankName varchar(255), IN BankBranch varchar(255), IN BankCity varchar(255), IN ProviderId varchar(36))
SQL SECURITY INVOKER
COMMENT 'thủ tục cập nhật (Created by: ttanh(31/07/2023))'
BEGIN
  UPDATE bank_account ba
  SET ba.BankAccountId = BankAccountId,
      ba.BankAccountNumber = BankAccountNumber,
      ba.BankName = BankName,
      ba.BankBranch = BankBranch,
      ba.BankCity = BankCity

  WHERE ba.BankAccountId = BankAccountId
  AND ba.ProviderId = ProviderId;
END
$$

--
-- Create procedure `Proc_BankAccount_Insert`
--
CREATE PROCEDURE Proc_BankAccount_Insert (IN BankAccountId varchar(255), IN BankAccountNumber varchar(255), IN BankName varchar(255), IN BankBranch varchar(255), IN BankCity varchar(255), IN ProviderId varchar(36))
SQL SECURITY INVOKER
COMMENT 'thủ tục thêm mới (Create by: ttanh(31/07/2023))'
BEGIN
  INSERT INTO bank_account (BankAccountId, BankAccountNumber, BankName, BankBranch, BankCity, ProviderId)
    VALUES (BankAccountId, BankAccountNumber, BankName, BankBranch, BankCity, ProviderId);
END
$$

--
-- Create procedure `Proc_BankAccount_GetByIds`
--
CREATE PROCEDURE Proc_BankAccount_GetByIds (IN ProviderId varchar(36), IN BankAccountId varchar(36))
SQL SECURITY INVOKER
COMMENT 'lấy theo id của cha'
BEGIN
  SELECT
    *
  FROM bank_account ba
  WHERE (ProviderId IS NULL
  AND ba.BankAccountId = BankAccountId)
  OR (BankAccountId IS NULL
  AND ProviderId = ba.ProviderId)
  OR (BankAccountId = ba.BankAccountId
  AND ProviderId = ba.ProviderId);
END
$$

--
-- Create procedure `Proc_BankAccount_DeleteMultiple`
--
CREATE PROCEDURE Proc_BankAccount_DeleteMultiple (IN id_list text)
SQL SECURITY INVOKER
COMMENT 'thủ tục xóa nhiều'
BEGIN
  DECLARE done int DEFAULT FALSE;
  DECLARE id char(36);
  DECLARE id_cursor CURSOR FOR
  SELECT
    CAST(token AS char(36))
  FROM (SELECT
      TRIM(SUBSTRING_INDEX (SUBSTRING_INDEX (id_list, ',', n.digit + 1), ',', -1)) AS token
    FROM (SELECT
        0 digit
      UNION ALL
      SELECT
        1
      UNION ALL
      SELECT
        2
      UNION ALL
      SELECT
        3
      UNION ALL
      SELECT
        4
      UNION ALL
      SELECT
        5
      UNION ALL
      SELECT
        6
      UNION ALL
      SELECT
        7
      UNION ALL
      SELECT
        8
      UNION ALL
      SELECT
        9) n
    WHERE n.digit < LENGTH(id_list) - LENGTH(REPLACE(id_list, ',', '')) + 1) AS ids;

  DECLARE CONTINUE HANDLER FOR NOT FOUND SET done = TRUE;

  OPEN id_cursor;

read_loop:
  LOOP
    FETCH id_cursor INTO id;
    IF done THEN
      LEAVE read_loop;
    END IF;

    DELETE
      FROM bank_account
    WHERE ProviderId = id;
  END LOOP;

  CLOSE id_cursor;
END
$$

DELIMITER ;

--
-- Create view `view_provider_getall`
--
CREATE
DEFINER = 'root'@'localhost'
SQL SECURITY INVOKER
VIEW view_provider_getall
AS
SELECT
  `p`.`ProviderId` AS `ProviderId`,
  `p`.`ProviderCode` AS `ProviderCode`,
  `p`.`ProviderTaxCode` AS `ProviderTaxCode`,
  `p`.`ProviderName` AS `ProviderName`,
  `p`.`ProviderPhone` AS `ProviderPhone`,
  `p`.`ProviderWebsite` AS `ProviderWebsite`,
  `p`.`EmployeeId` AS `EmployeeId`,
  `p`.`ProviderAddress` AS `ProviderAddress`,
  `p`.`ProviderIsPrivate` AS `ProviderIsPrivate`,
  `p`.`ContactNote` AS `ContactNote`,
  `p`.`CreatedBy` AS `CreatedBy`,
  `p`.`CreatedDate` AS `CreatedDate`,
  `p`.`ModifiedBy` AS `ModifiedBy`,
  `p`.`ModifiedDate` AS `ModifiedDate`,
  `p`.`ReceiverName` AS `ReceiverName`,
  `p`.`ReceiverEmails` AS `ReceiverEmails`,
  `p`.`ReceiverPhone` AS `ReceiverPhone`,
  `p`.`IsCustomer` AS `IsCustomer`,
  `p`.`AccountId` AS `AccountId`,
  `p`.`ContactFullName` AS `ContactFullName`,
  `p`.`PersonIdentity` AS `PersonIdentity`,
  `p`.`PersonIdentityDate` AS `PersonIdentityDate`,
  `p`.`PersonIdentityAddress` AS `PersonIdentityAddress`,
  `p`.`ContactEmail` AS `ContactEmail`,
  `p`.`ContactPhone` AS `ContactPhone`,
  `p`.`ContactRepresent` AS `ContactRepresent`,
  `p`.`ContactSalutation` AS `ContactSalutation`,
  `p`.`RulePaymentCode` AS `RulePaymentCode`,
  `p`.`RulePaymentDebtDay` AS `RulePaymentDebtDay`,
  `p`.`RulePaymentMaxDebt` AS `RulePaymentMaxDebt`,
  `p`.`AccountPaymentId` AS `AccountPaymentId`,
  `a1`.`AccountCode` AS `AccountPaymentCode`,
  `p`.`AccountReceiveId` AS `AccountReceiveId`,
  `p`.`ProviderCountry` AS `ProviderCountry`,
  `p`.`ProviderCity` AS `ProviderCity`,
  `p`.`ProviderDistrict` AS `ProviderDistrict`,
  `p`.`ProviderVillage` AS `ProviderVillage`,
  `e`.`EmployeeCode` AS `EmployeeCode`,
  `e`.`FullName` AS `FullName`,
  `tmp`.`GroupId` AS `GroupId`,
  `tmp`.`GroupCode` AS `GroupCode`,
  `tmp`.`GroupName` AS `GroupName`,
  `bc`.`BankAccountId` AS `BankAccountId`,
  `bc`.`BankAccountNumber` AS `BankAccountNumber`,
  `bc`.`BankName` AS `BankName`,
  `bc`.`BankBranch` AS `BankBranch`,
  `bc`.`BankCity` AS `BankCity`,
  `a`.`AddressShipId` AS `AddressShipId`,
  `a`.`Address` AS `Address`
FROM (((((`provider` `p`
  LEFT JOIN (SELECT
      `g`.`GroupId` AS `GroupId`,
      `g`.`GroupCode` AS `GroupCode`,
      `g`.`GroupName` AS `GroupName`,
      `g`.`CreatedBy` AS `CreatedBy`,
      `g`.`CreatedDate` AS `CreatedDate`,
      `g`.`ModifiedBy` AS `ModifiedBy`,
      `g`.`ModifiedDate` AS `ModifiedDate`,
      `gp`.`ProviderId` AS `ProviderId`
    FROM (`group` `g`
      JOIN `group_provider` `gp`
        ON (`g`.`GroupId` = `gp`.`GroupId`))) `tmp`
    ON (`p`.`ProviderId` = `tmp`.`ProviderId`))
  LEFT JOIN `employee` `e`
    ON (`p`.`EmployeeId` = `e`.`EmployeeId`))
  LEFT JOIN `bank_account` `bc`
    ON (`bc`.`ProviderId` = `p`.`ProviderId`))
  LEFT JOIN `address_ship` `a`
    ON (`a`.`ProviderId` = `p`.`ProviderId`))
  LEFT JOIN `account` `a1`
    ON (`p`.`AccountPaymentId` = `a1`.`AccountId`))
ORDER BY `p`.`CreatedDate` DESC;

DELIMITER $$

--
-- Create procedure `Proc_Provider_GetFilter`
--
CREATE PROCEDURE Proc_Provider_GetFilter (IN pageSize int, IN pageOffset int, IN querySearch varchar(100), OUT totalRecord int)
SQL SECURITY INVOKER
COMMENT 'thủ tục lọc bản ghi'
BEGIN

  SELECT
    COUNT(1) INTO totalRecord
  FROM (SELECT
      vpg.ProviderId
    FROM view_provider_getall vpg
    WHERE (querySearch IS NOT NULL
    AND vpg.ProviderCode COLLATE utf8mb4_unicode_ci LIKE CONCAT('%', querySearch, '%'))
    OR (querySearch IS NOT NULL
    AND vpg.ProviderName COLLATE utf8mb4_unicode_ci LIKE CONCAT('%', querySearch, '%')
    OR querySearch IS NULL)
    GROUP BY vpg.ProviderId) d;

  SET totalRecord = IFNULL(totalRecord, 0);

  SELECT
    vpg.ProviderId,
    vpg.ProviderCode,
    vpg.ProviderTaxCode,
    vpg.ProviderName,
    vpg.ProviderPhone,
    vpg.ProviderWebsite,
    vpg.EmployeeId,
    vpg.ProviderAddress,
    vpg.ProviderIsPrivate,
    vpg.CreatedBy,
    vpg.CreatedDate,
    vpg.ModifiedBy,
    vpg.ModifiedDate,
    vpg.IsCustomer,
    vpg.AccountId,
    vpg.GroupId,
    vpg.GroupCode,
    vpg.GroupName,
    vpg.EmployeeCode,
    vpg.FullName
  FROM view_provider_getall vpg
  WHERE (querySearch IS NOT NULL
  AND vpg.ProviderCode COLLATE utf8mb4_unicode_ci LIKE CONCAT('%', querySearch, '%'))
  OR (querySearch IS NOT NULL
  AND vpg.ProviderName COLLATE utf8mb4_unicode_ci LIKE CONCAT('%', querySearch, '%'))
  OR (querySearch IS NULL)
  GROUP BY vpg.ProviderId
  LIMIT pageSize OFFSET pageOffset;

END
$$

--
-- Create procedure `Proc_Provider_GetById`
--
CREATE DEFINER = 'root'@'localhost'
PROCEDURE Proc_Provider_GetById (IN ProviderId varchar(36))
COMMENT 'thủ tục lấy theo id (Created by: ttanh(27/07/2023))'
BEGIN
  SELECT
    p.ProviderId AS ProviderId,
    p.ProviderCode,
    p.ProviderTaxCode,
    p.ProviderName,
    p.ProviderPhone,
    p.ProviderWebsite,
    p.EmployeeId,
    p.EmployeeCode AS EmployeeCode,
    p.FullName AS FullName,
    p.RulePaymentCode,
    p.RulePaymentDebtDay,
    p.RulePaymentMaxDebt,
    p.AccountPaymentId,
    p.AccountPaymentCode,
    p.AccountReceiveId,
    p.ContactNote,
    p.ContactFullName,
    p.ContactEmail,
    p.ContactPhone,
    p.ContactRepresent,
    p.ContactSalutation,
    p.ProviderAddress,
    p.ProviderIsPrivate,
    p.ProviderCountry,
    p.ProviderCity,
    p.ProviderDistrict,
    p.ProviderVillage,
    p.CreatedBy,
    p.CreatedDate,
    p.Modifiedby,
    p.ModifiedDate,
    p.IsCustomer,
    p.AccountId,
    p.ReceiverName,
    p.ReceiverPhone,
    p.ReceiverEmails,
    p.PersonIdentity,
    p.PersonIdentityDate,
    p.PersonIdentityAddress,

    p.GroupId,
    p.GroupCode,
    p.GroupName,

    p.BankAccountId,
    p.BankAccountNumber,
    p.BankBranch,
    p.BankName,
    p.BankCity,

    p.AddressShipId,
    p.Address



  FROM view_provider_getall p
  WHERE p.ProviderId = ProviderId;
END
$$

--
-- Create procedure `Proc_Provider_GetByCode`
--
CREATE PROCEDURE Proc_Provider_GetByCode (IN ProviderCode varchar(20))
SQL SECURITY INVOKER
COMMENT 'Thủ tục tìm kiếm theo mã code (Created by: ttanh(27/07/2023))'
BEGIN
  SELECT
    *
  FROM view_provider_getall vpg
  WHERE vpg.ProviderCode = ProviderCode;
END
$$

DELIMITER ;

--
-- Create table `location`
--
CREATE TABLE location (
  LocationId char(36) NOT NULL DEFAULT '' COMMENT 'khóa chính',
  LocationName varchar(255) DEFAULT NULL COMMENT 'Tên địa điểm',
  ParentId varchar(36) DEFAULT NULL COMMENT 'id của cha',
  Grade int(9) DEFAULT NULL,
  PRIMARY KEY (LocationId)
)
ENGINE = INNODB,
AVG_ROW_LENGTH = 420,
CHARACTER SET utf8mb4,
COLLATE utf8mb4_general_ci,
COMMENT = 'bảng vị trí địa lý';

--
-- Create index `IDX_location_LocationName` on table `location`
--
ALTER TABLE location
ADD INDEX IDX_location_LocationName (LocationName);

--
-- Create index `IDX_location_ParentId` on table `location`
--
ALTER TABLE location
ADD INDEX IDX_location_ParentId (ParentId);

DELIMITER $$

--
-- Create procedure `Proc_Location_GetFilter`
--
CREATE PROCEDURE Proc_Location_GetFilter (IN querySearch varchar(255), IN grade int, IN parentId varchar(36))
SQL SECURITY INVOKER
COMMENT 'lọc bản ghi (Created by: ttanh(31/07/2023))'
BEGIN
  SELECT
    *
  FROM location l
  WHERE ((l.LocationName COLLATE utf8mb4_unicode_ci
  LIKE CONCAT('%', querySearch, '%'))
  AND l.Grade = grade
  AND parentId IS NULL
  AND l.ParentId IS NULL)
  OR ((l.LocationName COLLATE utf8mb4_unicode_ci
  LIKE CONCAT('%', querySearch, '%'))
  AND l.Grade = grade
  AND parentId IS NOT NULL
  AND l.ParentId = parentId);

END
$$

DELIMITER ;

--
-- Create table `max_code`
--
CREATE TABLE max_code (
  MaxCodeId char(36) NOT NULL DEFAULT '' COMMENT 'khóa chính',
  MaxCodePrefix varchar(20) DEFAULT NULL COMMENT 'tiền tố của mã',
  MaxCodeSeparation varchar(10) DEFAULT '-',
  MaxCodeNumber varchar(20) DEFAULT '00000',
  MaxCodeStep int(11) DEFAULT 1,
  MaxCodeTable varchar(255) DEFAULT NULL,
  PRIMARY KEY (MaxCodeId)
)
ENGINE = INNODB,
CHARACTER SET utf8mb4,
COLLATE utf8mb4_general_ci,
COMMENT = 'Bảng chứa mã lớn nhất trong bảng';

DELIMITER $$

--
-- Create procedure `Proc_Account_Update`
--
CREATE PROCEDURE Proc_Account_Update (IN AccountId char(36), IN AccountCode varchar(20), IN AccountName varchar(100), IN AccountEnglishName varchar(100), IN AccountDescription text, IN AccountStatus bool, IN AccountNature int, IN AccountParentId varchar(36), IN Grade int, IN IsParent bool, IN IsRoot bool, IN CreatedDate datetime, IN CreatedBy varchar(100), IN ModifiedDate datetime, IN ModifiedBy varchar(100), IN AccountObject int)
SQL SECURITY INVOKER
COMMENT 'Thủ tục cập nhật tài khoản (CreatedBy: ttanh(21/07/2023))'
BEGIN
  UPDATE account a
  SET a.AccountCode = AccountCode,
      a.AccountName = AccountName,
      a.AccountEnglishName = AccountEnglishName,
      a.AccountDescription = AccountDescription,
      a.AccountStatus = AccountStatus,
      a.AccountNature = AccountNature,
      a.AccountParentId = AccountParentId,
      a.Grade = Grade,
      a.IsParent = IsParent,
      a.IsRoot = IsRoot,
      a.CreatedDate = CreatedDate,
      a.CreatedBy = CreatedBy,
      a.ModifiedDate = ModifiedDate,
      a.Modifiedby = ModifiedBy,
      a.AccountObject = AccountObject
  WHERE a.AccountId = AccountId;
END
$$

--
-- Create procedure `Proc_Account_Insert`
--
CREATE DEFINER = 'root'@'localhost'
PROCEDURE Proc_Account_Insert (IN AccountId char(36), IN AccountCode varchar(20), IN AccountName varchar(100), IN AccountEnglishName varchar(100), IN AccountDescription text, IN AccountStatus bool, IN AccountNature int, IN AccountParentId varchar(36), IN Grade int, IN IsParent bool, IN IsRoot bool, IN CreatedDate datetime, IN CreatedBy varchar(100), IN ModifiedDate datetime, IN ModifiedBy varchar(100), IN AccountObject int)
COMMENT 'Thủ tục thêm tài khoản'
BEGIN

  INSERT INTO `misa.web202304_mf1641_ttanh`.account (AccountId, AccountCode, AccountName, AccountEnglishName, AccountDescription, AccountStatus, AccountNature, AccountParentId, Grade, IsParent, IsRoot, CreatedDate, CreatedBy, ModifiedDate, ModifiedBy, AccountObject)
    VALUES (AccountId, AccountCode, AccountName, AccountEnglishName, AccountDescription, AccountStatus, AccountNature, AccountParentId, Grade, IsParent, IsRoot, CreatedDate, CreatedBy, ModifiedDate, ModifiedBy, AccountObject);

END
$$

--
-- Create procedure `Proc_Account_Delete`
--
CREATE PROCEDURE Proc_Account_Delete (IN AccountId char(36))
SQL SECURITY INVOKER
COMMENT 'Thủ tục xóa 1 tài khoản (CreatedBy: ttanh(21/07/2023))'
BEGIN
  DELETE
    FROM account
  WHERE ACCOUNT.AccountId = AccountId;

END
$$

--
-- Create function `Func`
--
CREATE DEFINER = 'root'@'localhost'
FUNCTION Func (querySearch varchar(100))
RETURNS int(11)
BEGIN

  RETURN 1;
END
$$

DELIMITER ;

-- 
-- Dumping data for table department
--
INSERT INTO department VALUES
('142cb08f-7c31-21fa-8e90-67245e8b283e', 'Phòng hành chính', '2022-05-09 02:07:13', 'Letha Bolt', '2022-10-01 00:00:04', 'Abraham Acevedo'),
('17120d02-6ab5-3e43-18cb-66948daf6128', 'Phòng sản xuất ', '2023-01-20 06:41:37', 'Miyoko Mckinney', '2023-05-02 13:45:21', 'Hong Beaudoin'),
('32172fc4-7875-78d6-7d32-6a1673ffca7c', 'Phòng tư vấn', NULL, NULL, NULL, NULL),
('432cb08f-7c31-21fa-8e90-67245e8b283e', 'Phòng nghiên cứu\r\n', NULL, NULL, NULL, NULL),
('469b3ece-744a-45d5-957d-e8c757976496', 'Phòng đào tạo', '2022-09-02 21:31:34', 'Vanita Kelleher', '2022-12-07 05:10:03', 'Retta Lord'),
('4e272fc4-7875-78d6-7d32-6a1673ffca7c', 'Phòng nhân sự', '2022-12-03 01:03:01', 'Marcos Abraham', '2022-10-01 00:00:08', 'Treena Lind'),
('51272fc4-7235-78d6-7d32-6a1673ffca7c', 'Phòng kết toán', NULL, NULL, NULL, NULL);

-- 
-- Dumping data for table employee
--
INSERT INTO employee VALUES
('11a8748f-3464-740c-28c2-579daad24557', 'NV-23373', 'Trần Thị Quyền', '1989-12-20', 2, '4e272fc4-7875-78d6-7d32-6a1673ffca7c', '966607364', '2020-05-17', 'Hải Phòng', 'Thực tập sinh', 'Hà Nam', '252109280', '966607364', 'Kiefer@nowhere.com', '8951686', 'VCB', 'Hoài Đức', 'Amiee Pond', '2020-01-16 23:39:11', NULL, '2022-07-22 05:04:27', 1, 1),
('1208b54a-66ee-355a-46c2-579daad24557', 'NV-16970', 'Lê Xuân Hường ', '1983-01-31', 2, '4e272fc4-7875-78d6-7d32-6a1673ffca7c', '506201751', '2021-09-12', 'Hà Nam', 'Trưởng nhóm', 'Nghệ An', '294090195', '506201751', 'Garmon21@example.com', '0508691', 'VCB', 'Hoài Đức', 'Augustine Lerma', '2016-11-20 13:31:33', 'Emerson Carmichael', '2022-03-27 10:56:51', 1, 1),
('1219e510-59ef-36fc-45c2-579daad24557', 'NV-82629', 'Võ Thị Thương', '1975-08-16', 2, '142cb08f-7c31-21fa-8e90-67245e8b283e', '440426280', '2021-07-08', 'Hà Nội', 'Trưởng nhóm', 'Hà Giang', '058779000', '440426280', 'RogerBethea197@nowhere.com', '6224274', 'TECH', 'Đan Phượng', 'Laurence George', '2015-01-01 00:15:58', 'Abel Dowd', '2018-01-01 00:01:30', 1, 0),
('12693b29-274c-35ce-d11d-086412a8ea97', 'NV-00572', 'Đỗ Xuân Duyên ', '1973-11-07', 2, '4e272fc4-7875-78d6-7d32-6a1673ffca7c', '230845326', '2021-06-20', 'Hải Phòng', 'Trưởng phòng', 'Hà Nội', '059328446', '230845326', 'Suggs@example.com', '3494265', 'VCB', 'Cầu Giấy', 'Rodger Crawford', '2020-12-05 19:42:51', 'Jamie Aguiar', '2019-06-18 13:55:23', 0, 1),
('12e12a5c-6e3a-503a-d71d-086412a8ea97', 'NV-02194', 'Vũ Đình Hường ', '1980-05-11', 1, '17120d02-6ab5-3e43-18cb-66948daf6128', '810775825', '2020-06-01', 'Hà Nam', 'Trưởng phòng', 'Hà Giang', '812819900', '810775825', 'PamulaD.Sena@example.com', '6197928', 'VCB', 'Hoài Đức', 'Sanda Colvin', '2021-07-15 18:55:15', 'Austin Keaton', NULL, 1, NULL),
('12e1b096-3542-127a-1077-d9ebc53aac3d', 'NV-08240', 'Mạc Ánh Minh', '1975-02-25', 2, '469b3ece-744a-45d5-957d-e8c757976496', '285342223', '2022-02-15', 'Nghệ An', 'Trưởng nhóm', 'Hà Nội', '405910866', '285342223', 'LambF@nowhere.com', '4920401', 'TECH', 'Cầu Giấy', 'Nerissa Word', '2015-07-23 18:08:09', 'Andrew Crutchfield', '2020-10-16 12:14:44', 0, 0),
('13241f9b-34c5-6720-9641-c1ec321fe728', 'NV-32554', 'Trần Đăng Lan Anh ', '1999-01-31', 1, '17120d02-6ab5-3e43-18cb-66948daf6128', '137043163', '2022-05-30', 'Hải Phòng', 'Trưởng phòng', 'Hưng Yên', '565478323', '137043163', 'Jamaal.M.Snowden@example.com', '8158764', 'ACB', 'Đan Phượng', 'Stephan Garvey', '2016-07-11 09:42:03', NULL, '2018-01-01 00:00:08', 0, 1),
('134608bd-48c2-5fd7-1435-60b3ebf808a9', 'NV-65235', 'Đỗ Đăng Duyên ', '1999-09-26', 2, '142cb08f-7c31-21fa-8e90-67245e8b283e', '172844854', '2019-01-29', 'Nghệ An', 'Thực tập sinh', 'Hà Giang', '979366129', '172844854', 'TysonAdam121@nowhere.com', '0349570', 'VCB', 'Cầu Giấy', 'Shaina Fairchild', '2015-05-17 10:47:06', 'Erich Burger', NULL, 0, NULL),
('143e4110-751a-5474-1f80-de64d090a2c2', 'NV-28695', 'Lý Đăng Trang ', '1973-01-18', 0, '4e272fc4-7875-78d6-7d32-6a1673ffca7c', '399127034', '2022-01-08', 'Nghệ An', 'Nhân viên', 'Hà Giang', '763139515', '399127034', 'Noe_Damico@example.com', '9956258', 'BIDV', 'Đan Phượng', 'Jerrold Berg', '2015-01-01 00:00:18', 'Jutta Wiseman', '2018-01-01 00:35:58', 0, 1),
('14aa1334-3d35-32c4-30c2-579daad24557', 'NV-85279', 'Dương Đình Lan Anh ', NULL, NULL, '4e272fc4-7875-78d6-7d32-6a1673ffca7c', '046828524', NULL, 'Hải Phòng', NULL, NULL, '412564008', '046828524', NULL, '6527608', 'BIDV', 'Hoài Đức', 'Eugene Valadez', NULL, 'Sharolyn Brockman', NULL, NULL, NULL),
('1518ced5-6993-37f8-6180-7ed9d1ea06ea', 'NV-95190', 'Lê Đình Hoa ', '1973-01-01', 2, '142cb08f-7c31-21fa-8e90-67245e8b283e', '857679353', '2020-01-18', 'Hải Phòng', 'Fresher', 'Nghệ An', '259644703', '857679353', 'MinhWord@nowhere.com', '5894027', 'VCB', 'Hoài Đức', 'Everett Mccullough', '2015-01-01 00:00:01', 'Randell Conaway', NULL, 0, NULL),
('156bb711-53c6-12ee-5d80-7ed9d1ea06ea', 'NV-17894', 'Lý Văn Như ', '1988-01-14', 1, '469b3ece-744a-45d5-957d-e8c757976496', '923618311', '2020-10-25', 'Nghệ An', 'Nhân viên', 'Hải Phòng', '762072485', '923618311', 'Youngblood@example.com', '3772141', 'BIDV', NULL, NULL, '2017-02-06 08:44:52', 'Felix Shoemaker', NULL, 1, NULL),
('15acfdfd-12d7-52f6-2777-d9ebc53aac3d', 'NV-65461', 'Nguyễn Xuân Hường ', '1994-12-03', 0, '142cb08f-7c31-21fa-8e90-67245e8b283e', '194476113', '2019-10-04', 'Hà Nam', 'Trưởng phòng', 'Hà Nội', '045702848', '194476113', 'tsnttoue_pqfyd@example.com', '3593567', 'TECH', NULL, NULL, '2019-05-06 17:25:07', 'Mauro Booker', NULL, 1, NULL),
('15f7fc94-6dce-3bce-2680-de64d090a2c2', 'NV-10816', 'Mạc Đình Lan Anh ', '1995-07-29', 1, '142cb08f-7c31-21fa-8e90-67245e8b283e', '848195016', '2019-10-02', NULL, 'Fresher', 'Hải Phòng', '982087969', '848195016', 'dxrgd2632@nowhere.com', '1109289', 'VCB', NULL, NULL, '2022-07-01 17:50:05', NULL, NULL, 1, NULL),
('1737c16a-1277-1be3-3bc2-579daad24557', 'NV-02271', 'Hồ Quỳnh Hải Anh', '1990-02-24', 0, '17120d02-6ab5-3e43-18cb-66948daf6128', '771222959', '2019-12-08', 'Hưng Yên', 'Nhân viên', 'Hà Nam', '636314284', '771222959', 'AdolfoPence@example.com', '0731106', 'ACB', 'Đan Phượng', 'Elvia Hager', '2015-12-08 20:30:34', 'Daria Dougherty', '2021-07-05 14:18:02', 0, 0),
('17872e95-3d24-6d1a-32c2-579daad24557', 'NV-79914', 'Vũ Đình Anh ', '1982-09-27', 1, '4e272fc4-7875-78d6-7d32-6a1673ffca7c', '082951135', '2020-09-28', 'Hưng Yên', 'Thực tập sinh', 'Hà Nội', '564964915', '082951135', 'CharlesGrimm@example.com', '9369856', 'ACB', 'Cầu Giấy', 'Beverlee Aponte', '2016-11-22 19:00:42', NULL, '2021-12-14 05:47:24', 0, 1),
('184de98f-2046-1e3f-3377-d9ebc53aac3d', 'NV-22393', 'Mạc Đăng Ánh ', '1973-09-30', 0, '17120d02-6ab5-3e43-18cb-66948daf6128', '849213683', '2019-09-02', NULL, 'Trưởng phòng', 'Hưng Yên', '229424391', '849213683', 'xdnf8@example.com', '2925149', 'ACB', 'Hoài Đức', 'Andrew Beckett', '2016-02-08 06:01:45', NULL, '2018-01-01 00:14:11', 0, 0),
('1894486a-2191-4a91-ccd2-89b22d10517e', 'NV-29127', 'Phạm Ngọc Việt Anh', '1989-11-29', 1, '469b3ece-744a-45d5-957d-e8c757976496', '962512985', '2020-03-05', NULL, 'Thực tập sinh', 'Hà Nam', '680976759', '962512985', 'Boyd_Adair@example.com', '3176288', 'ACB', 'Cầu Giấy', 'Hunter Marroquin', '2020-07-06 03:32:09', NULL, '2018-01-01 00:16:31', 1, 0),
('18baaac1-2b18-2317-b9d2-89b22d10517e', 'NV-04010', 'Lý Văn Hoa ', '1976-06-28', 1, '469b3ece-744a-45d5-957d-e8c757976496', '407494710', '2021-07-14', 'Hải Phòng', 'Fresher', 'Hưng Yên', '542951141', '407494710', 'Ruffin@nowhere.com', '8102092', 'TECH', 'Đan Phượng', 'Abby Marcum', '2017-05-22 18:14:16', 'Romeo Anderson', '2020-11-06 00:57:38', 0, 0),
('18bbd5d8-6c2d-154c-bad2-89b22d10517e', 'NV-68446', 'Mạc Văn Hoa ', '1973-02-16', 0, '142cb08f-7c31-21fa-8e90-67245e8b283e', '572717373', '2020-09-11', 'Hà Nội', 'Trưởng nhóm', 'Nghệ An', '212483352', '572717373', 'Manson@example.com', '7106118', 'BIDV', 'Hoài Đức', 'Aline Carlos', '2015-01-01 00:00:47', 'Melvin Sommers', '2021-10-26 18:20:41', 1, 1),
('18d2ec1b-61c5-1896-2ec2-579daad24557', 'NV-69527', 'Mạc Văn Hà ', '1980-08-08', 2, '142cb08f-7c31-21fa-8e90-67245e8b283e', '617675845', '2021-09-05', 'Hải Phòng', 'Nhân viên', 'Hưng Yên', '877830265', '617675845', 'MayeAbrams@example.com', '7387365', 'ACB', 'Cầu Giấy', 'Annemarie Hammer', '2018-03-16 08:39:54', 'Neal Bergman', NULL, 1, NULL),
('19208572-271c-6122-3177-d9ebc53aac3d', 'NV-43602', 'Trần Duy Mai ', '1991-05-13', 0, '17120d02-6ab5-3e43-18cb-66948daf6128', '880023052', '2019-08-03', 'Hà Nam', 'Thực tập sinh', 'Hà Giang', '311874691', '880023052', 'EdythTruong@example.com', '9231688', 'TECH', NULL, NULL, '2020-05-17 05:37:27', NULL, '2023-03-04 20:26:14', 0, 1),
('19256041-7623-2834-6df6-423b4e874d0f', 'NV-80892', 'Lý Thu Thịnh', '1985-11-24', 0, '17120d02-6ab5-3e43-18cb-66948daf6128', '437567192', '2021-09-11', 'Hà Giang', 'Thực tập sinh', 'Hà Nội', '169682117', '437567192', 'BufordBills5@example.com', '2193733', 'VCB', NULL, NULL, '2018-11-29 18:04:39', 'Laurette Larose', NULL, 1, NULL),
('192b3b9d-5e60-3b13-5b80-7ed9d1ea06ea', 'NV-45426', 'Mạc Duy Anh ', NULL, NULL, '469b3ece-744a-45d5-957d-e8c757976496', '748689669', NULL, 'Hưng Yên', NULL, NULL, '405861825', '748689669', NULL, '7391047', 'VCB', 'Hoài Đức', 'Idalia Moye', NULL, 'Rudy Calvert', '2020-04-12 00:05:19', NULL, 1),
('197fda97-5a35-781d-0e77-d9ebc53aac3d', 'NV-20804', 'Võ Thị Tuấn', NULL, NULL, '17120d02-6ab5-3e43-18cb-66948daf6128', '694935234', NULL, 'Hà Giang', NULL, NULL, '748833950', '694935234', NULL, '0622264', 'BIDV', 'Hoài Đức', 'Rodrick Paulsen', NULL, NULL, NULL, NULL, NULL),
('199db575-444b-2633-6880-7ed9d1ea06ea', 'NV-04386', 'Võ Xuân Ánh ', '1973-03-23', 2, '17120d02-6ab5-3e43-18cb-66948daf6128', '883999388', '2022-06-11', 'Hà Nam', 'Thực tập sinh', 'Hà Giang', '823587590', '883999388', 'JacintoAlexander894@example.com', '1397652', 'ACB', 'Cầu Giấy', 'Mitzie Ross', '2015-01-01 00:01:22', 'Manual Alcala', '2018-01-01 00:00:07', 1, 1),
('1b05fdba-145b-7ab0-8d41-c1ec321fe728', 'NV-52096', 'Đỗ Văn Ly ', '1973-03-26', 0, '17120d02-6ab5-3e43-18cb-66948daf6128', '342870533', '2019-01-07', 'Hà Nội', 'Fresher', 'Hà Nội', '306818704', '342870533', 'Leslie_Grooms@nowhere.com', '5501920', 'BIDV', 'Cầu Giấy', 'Randy Ackerman', '2021-04-30 13:27:35', NULL, NULL, 1, NULL),
('1b972dfb-67eb-5f25-39c2-579daad24557', 'NV-54531', 'Đinh Duy Như ', '1988-09-10', 1, '17120d02-6ab5-3e43-18cb-66948daf6128', '422139122', '2021-07-25', 'Hưng Yên', 'Trưởng nhóm', 'Hải Phòng', '810228122', '422139122', 'Shondra.Bivins9@example.com', '4944147', 'VCB', 'Cầu Giấy', 'Raymundo Alarcon', '2021-12-28 04:36:12', 'Anya Parnell', NULL, 0, NULL),
('1c98cac7-2784-73af-43c2-579daad24557', 'NV-24286', 'Đinh Đăng Vy ', NULL, NULL, '469b3ece-744a-45d5-957d-e8c757976496', '352432101', NULL, 'Hải Phòng', NULL, NULL, '602796318', '352432101', NULL, '2847017', 'VCB', 'Hoài Đức', 'Johna Abreu', NULL, 'Johnnie Alonso', '2021-08-01 00:41:58', NULL, 1),
('1ca4f185-7203-2a84-40c2-579daad24557', 'NV-27132', 'Lê Duy Ly ', NULL, NULL, '142cb08f-7c31-21fa-8e90-67245e8b283e', '542376064', NULL, 'Hà Giang', NULL, NULL, '034503908', '542376064', NULL, '9753529', 'TECH', 'Đan Phượng', 'Adam Cousins', NULL, 'Roman Clinton', NULL, NULL, NULL),
('1d05a704-5376-15ba-1477-d9ebc53aac3d', 'NV-90451', 'Trần Thu Hào', '1991-06-03', 0, '142cb08f-7c31-21fa-8e90-67245e8b283e', '047308666', '2020-05-08', 'Hà Nội', 'Trưởng nhóm', 'Hà Giang', '140370303', '047308666', 'Calkins615@example.com', '2097881', 'BIDV', 'Hoài Đức', 'Adolph Braxton', '2021-09-24 13:48:45', 'Adaline Shah', '2018-01-01 02:04:26', 1, 1),
('1d21993b-3612-2485-1035-60b3ebf808a9', 'NV-01115', 'Nguyễn Văn Giang ', NULL, NULL, '17120d02-6ab5-3e43-18cb-66948daf6128', '107204028', NULL, 'Hưng Yên', NULL, NULL, '442233014', '107204028', NULL, '1717059', 'BIDV', 'Hoài Đức', 'Emanuel Martins', NULL, 'Lang Guillory', '2022-12-08 05:26:46', NULL, 1),
('1dc115ba-6479-33a7-44c2-579daad24557', 'NV-20583', 'Đỗ Xuân Nhung ', '1976-06-21', 0, '469b3ece-744a-45d5-957d-e8c757976496', '859450764', '2020-11-03', 'Hà Nam', 'Trưởng nhóm', 'Nghệ An', '234899315', '859450764', 'Cantwell749@example.com', '9669836', 'VCB', 'Hoài Đức', 'Eboni Christianson', '2017-05-12 09:25:08', NULL, '2018-01-01 00:00:54', 0, 1),
('1e0613d9-772c-28c1-9541-c1ec321fe728', 'NV-62165', 'Lê Duy Anh ', '1982-04-18', 1, '17120d02-6ab5-3e43-18cb-66948daf6128', '487939709', '2020-04-06', 'Hà Nội', 'Fresher', 'Hưng Yên', '327225643', '487939709', 'Viki.V_Chaffin6@example.com', '1872775', 'VCB', 'Cầu Giấy', 'Eleanor Denham', '2021-04-03 19:04:22', 'Babara Chin', '2018-01-01 01:24:55', 0, NULL),
('1e5ce342-2eec-79a4-5380-7ed9d1ea06ea', 'NV-59626', 'Vũ Duy Ly ', '1991-09-05', 1, '142cb08f-7c31-21fa-8e90-67245e8b283e', '183449756', '2020-08-04', 'Hải Phòng', 'Fresher', 'Hưng Yên', '574777092', '183449756', 'VellaOlivo14@example.com', '0865023', 'VCB', 'Cầu Giấy', 'Trudy Ferry', '2015-07-31 17:32:54', 'Kyung Andrew', NULL, 0, NULL),
('1e5e96fa-5d7a-599d-27c2-579daad24557', 'NV-09508', 'Nguyễn Thị Long', '1986-06-15', 0, '4e272fc4-7875-78d6-7d32-6a1673ffca7c', '845678081', '2022-02-20', 'Hải Phòng', 'Thực tập sinh', 'Hưng Yên', '228469211', '845678081', 'Ron.Irish@example.com', '7627093', 'ACB', 'Hoài Đức', 'Carline Mccall', '2020-09-21 19:13:23', 'Wesley Ramirez', NULL, 1, NULL),
('1f85f165-3ed3-370a-b7d2-89b22d10517e', 'NV-94265', 'Hoàng Thị Quyền', '1975-05-18', 1, '4e272fc4-7875-78d6-7d32-6a1673ffca7c', '309673292', '2021-05-08', 'Hưng Yên', 'Trưởng nhóm', 'Nghệ An', '523956922', '309673292', 'FriedaAbreu99@example.com', '4373917', 'TECH', 'Hoài Đức', 'Cassi Atkinson', '2015-01-01 00:14:28', 'Travis Abney', '2021-05-11 17:20:14', 1, 0),
('1f88699a-3e19-718a-d81d-086412a8ea97', 'NV-96009', 'Đinh Văn Trà My ', '1995-06-09', 2, '469b3ece-744a-45d5-957d-e8c757976496', '684781007', '2019-06-18', 'Hưng Yên', 'Nhân viên', 'Hải Phòng', '911844530', '684781007', 'AdelaK_Clawson322@example.com', '6088041', 'TECH', 'Cầu Giấy', 'Irving Lusk', '2019-09-02 21:54:06', 'Abigail Barney', '2021-01-18 21:00:59', 1, 0),
('1fbf8e6f-17d3-6a04-2180-de64d090a2c2', 'NV-44268', 'Lý Thị Hải Anh', '1973-02-10', 0, '17120d02-6ab5-3e43-18cb-66948daf6128', '009794126', '2019-08-06', 'Hà Giang', 'Trưởng phòng', 'Nghệ An', '585836929', '009794126', 'May@nowhere.com', '6164682', 'TECH', 'Hoài Đức', 'Francisco Polanco', '2015-01-01 00:00:41', 'Dulce Kellogg', '2023-04-20 06:50:44', 1, 0),
('1fecd07f-2488-638c-8141-c1ec321fe728', 'NV-10414', 'Hoàng Đình Hiền ', '2003-04-25', 2, '4e272fc4-7875-78d6-7d32-6a1673ffca7c', '574477783', '2019-06-18', 'Hà Nam', 'Nhân viên', 'Hưng Yên', '819894799', '574477783', 'Abney@example.com', '0685862', 'VCB', 'Cầu Giấy', 'Eldridge Cornett', '2017-07-23 23:25:49', NULL, '2021-04-30 16:32:04', 0, 0),
('201b9639-5997-303c-5880-7ed9d1ea06ea', 'NV-71904', 'Nguyễn Quỳnh Long', '1984-08-13', 2, '17120d02-6ab5-3e43-18cb-66948daf6128', '496560658', '2019-01-11', 'Hà Nam', 'Fresher', 'Hà Nam', '792517894', '496560658', 'Wagner@example.com', '8752992', 'BIDV', NULL, NULL, '2018-03-27 22:27:23', NULL, NULL, 1, NULL),
('2107e2a5-49f8-237b-5780-7ed9d1ea06ea', 'NV-89675', 'Lê Đăng Như ', NULL, NULL, '17120d02-6ab5-3e43-18cb-66948daf6128', '270836006', NULL, 'Hải Phòng', NULL, NULL, '778433539', '270836006', NULL, '4055085', 'TECH', 'Hoài Đức', 'Norine Mackey', NULL, 'Gilberto Wallis', NULL, NULL, NULL),
('2111e63d-50f8-6b2b-6980-7ed9d1ea06ea', 'NV-71337', 'Mạc Đình Ánh ', '1987-02-20', 2, '17120d02-6ab5-3e43-18cb-66948daf6128', '001226745', '2021-02-24', NULL, 'Fresher', 'Hải Phòng', '795011781', '001226745', 'EdwardoGallardo68@nowhere.com', '0393559', 'VCB', 'Cầu Giấy', 'Mozella Logue', '2018-01-08 07:48:37', NULL, '2021-07-12 13:31:36', 0, NULL),
('212a5f62-4eb8-203c-4035-0028ed526dd0', 'NV-09573', 'Phạm Thu Long', '1983-05-13', 0, '17120d02-6ab5-3e43-18cb-66948daf6128', '927805533', '2019-04-01', 'Hà Giang', 'Trưởng nhóm', 'Nghệ An', '183347599', '927805533', 'KingCarter@example.com', '2035731', 'TECH', 'Cầu Giấy', 'Tawny Lister', '2019-05-16 10:50:36', 'Arnold Abrams', NULL, 0, NULL),
('214977d8-66ff-5762-1335-60b3ebf808a9', 'NV-46996', 'Võ Quỳnh Báo', NULL, NULL, '17120d02-6ab5-3e43-18cb-66948daf6128', '284974919', NULL, 'Hà Nam', NULL, NULL, '915340133', '284974919', NULL, '5098788', 'BIDV', 'Cầu Giấy', 'Gregorio Lindsay', NULL, 'Matthew Harbin', '2019-12-14 18:51:55', NULL, NULL),
('21ae5078-5e68-3790-6af6-423b4e874d0f', 'NV-30383', 'Lý Thị Cường', '1977-11-28', 0, '4e272fc4-7875-78d6-7d32-6a1673ffca7c', '324826259', '2019-05-16', 'Hà Nam', 'Trưởng nhóm', 'Hưng Yên', '293688203', '324826259', 'Hamblin72@nowhere.com', '4069374', 'TECH', 'Đan Phượng', 'Carmine Newell', '2016-05-05 20:38:34', 'Gabriela Harmon', NULL, 0, NULL),
('22732821-2015-1da3-4335-0028ed526dd0', 'NV-17653', 'Đinh Thu Tài', '1989-07-07', 0, '4e272fc4-7875-78d6-7d32-6a1673ffca7c', '784915110', '2021-06-08', 'Hưng Yên', 'Nhân viên', 'Hà Giang', '553864105', '784915110', 'irylvc2@nowhere.com', '7221724', 'TECH', NULL, NULL, '2015-01-01 01:40:32', 'Mike Burgos', NULL, 0, NULL),
('22bba567-6206-6bf1-0c35-60b3ebf808a9', 'NV-11866', 'Võ Đình Ánh ', '1986-06-08', 2, '17120d02-6ab5-3e43-18cb-66948daf6128', '206557176', '2021-07-20', 'Hải Phòng', 'Nhân viên', 'Hưng Yên', '014815712', '206557176', 'Abraham@example.com', '6762863', 'TECH', 'Hoài Đức', 'Adriene Carnahan', '2017-03-18 04:42:28', 'Ammie Mcnally', '2018-01-01 00:00:49', 0, 1),
('22cb30ef-3311-51f7-e21d-086412a8ea97', 'NV-62969', 'Lê Duy Duyên ', '1973-04-22', 0, '4e272fc4-7875-78d6-7d32-6a1673ffca7c', '823869614', '2022-01-21', 'Hưng Yên', 'Fresher', 'Hà Giang', '563989460', '823869614', 'Leigh.IRoberson@nowhere.com', '3252453', 'VCB', 'Cầu Giấy', 'Ricarda Venable', '2015-01-01 00:01:52', NULL, '2018-04-09 17:51:23', 0, 0),
('22df58b0-55d2-6108-2480-de64d090a2c2', 'NV-65517', 'Trần Duy Hằng ', '1980-09-05', 1, '17120d02-6ab5-3e43-18cb-66948daf6128', '204170380', '2022-01-03', 'Hà Nội', 'Trưởng phòng', 'Hưng Yên', '514091839', '204170380', 'ShelbyBoisvert7@example.com', '9440103', 'ACB', 'Hoài Đức', 'Elton Strauss', '2017-09-30 02:33:18', 'Adela Winchester', '2018-01-01 00:33:05', 0, NULL),
('22f0091b-523a-6c8e-4c35-0028ed526dd0', 'NV-07432', 'Đỗ Duy Trà My ', NULL, NULL, '142cb08f-7c31-21fa-8e90-67245e8b283e', '690593307', NULL, NULL, NULL, NULL, '988879224', '690593307', NULL, '3380912', 'TECH', 'Hoài Đức', 'Romana Blanco', NULL, NULL, '2023-05-06 14:28:59', NULL, 0),
('231ea7f8-1468-6e29-5235-0028ed526dd0', 'NV-01963', 'Lý Duy Ly ', '1985-03-02', 0, '142cb08f-7c31-21fa-8e90-67245e8b283e', '164853301', '2021-03-15', 'Hưng Yên', 'Trưởng nhóm', 'Hải Phòng', '866448354', '164853301', 'MikelCalabrese@example.com', '6538326', 'BIDV', 'Cầu Giấy', 'Cecil Dorsey', '2017-10-12 15:25:29', 'Dexter Angulo', NULL, 1, NULL),
('233d36ab-4bd0-431e-78f6-423b4e874d0f', 'NV-14455', 'Võ Ngọc Hải Anh', '1982-08-02', 1, '4e272fc4-7875-78d6-7d32-6a1673ffca7c', '048865080', '2019-04-05', 'Hưng Yên', 'Fresher', 'Hải Phòng', '179022969', '048865080', 'Aguirre2@example.com', '3426899', 'VCB', 'Đan Phượng', 'Miyoko Beard', '2015-01-01 00:58:21', 'Abigail Pratt', NULL, 0, NULL),
('234865cb-5d80-7244-70f6-423b4e874d0f', 'NV-79226', 'Võ Xuân Ánh ', '1973-11-23', 2, '4e272fc4-7875-78d6-7d32-6a1673ffca7c', '663174247', '2019-03-28', 'Hải Phòng', 'Nhân viên', 'Hải Phòng', '648542814', '663174247', 'Alfreda.B_Rohr@example.com', '6821438', 'TECH', 'Cầu Giấy', 'Cole Alvarado', '2015-01-01 00:05:27', 'Albert Sutter', '2018-06-10 00:49:38', 0, 0),
('2356a2d8-7751-6f97-66f6-423b4e874d0f', 'NV-40709', 'Dương Đăng Ly ', '1983-02-27', 0, '142cb08f-7c31-21fa-8e90-67245e8b283e', '201253204', '2019-12-08', 'Hà Nội', 'Trưởng nhóm', 'Hà Giang', '387529269', '201253204', 'Abel5@example.com', '6583075', 'BIDV', 'Cầu Giấy', 'Emmett Musgrove', '2020-06-24 12:13:10', 'Avery Weeks', '2021-07-25 20:09:15', 0, 1),
('244b1b16-56fc-1f92-73f6-423b4e874d0f', 'NV-47771', 'Đinh Ngọc Tuấn', '1973-01-05', 0, '4e272fc4-7875-78d6-7d32-6a1673ffca7c', '131662772', '2020-09-22', 'Hà Giang', 'Nhân viên', 'Hà Nam', '415091102', '131662772', 'Buck@nowhere.com', '4729106', 'VCB', 'Hoài Đức', 'Basil Mahon', '2015-01-01 00:00:05', NULL, '2019-01-04 07:41:27', 0, 1),
('255b28ba-2177-6baf-0835-60b3ebf808a9', 'NV-40219', 'Trần Ánh Thương', '1983-04-19', 0, '469b3ece-744a-45d5-957d-e8c757976496', '537791987', '2020-02-13', 'Hà Giang', 'Nhân viên', 'Hà Nội', '690728297', '537791987', 'Dollar@nowhere.com', '0948566', 'TECH', 'Đan Phượng', 'Herman Lindgren', '2022-12-28 10:13:05', NULL, '2021-10-17 16:48:02', 1, 1),
('256c7bfd-6225-4caa-3077-d9ebc53aac3d', 'NV-67480', 'Trần Đình Ly ', '1993-10-05', 0, '4e272fc4-7875-78d6-7d32-6a1673ffca7c', '413325608', '2020-02-19', 'Hà Giang', 'Trưởng phòng', 'Nghệ An', '715526272', '413325608', 'Wanita.Sheets@nowhere.com', '0901855', 'TECH', 'Cầu Giấy', 'Albertha Kirkpatrick', '2015-01-01 02:06:23', NULL, '2018-07-04 05:52:02', 0, NULL),
('257f267d-1259-4c3b-2e80-de64d090a2c2', 'NV-93116', 'Lý Đăng Hoa ', '1979-10-11', 1, '17120d02-6ab5-3e43-18cb-66948daf6128', '512646583', '2022-02-18', 'Hưng Yên', 'Trưởng nhóm', 'Hà Giang', '627453340', '512646583', 'Dwight.Justice496@example.com', '3981739', 'ACB', 'Hoài Đức', 'Maynard Goebel', '2015-10-03 22:11:45', 'Mitzie Abreu', '2021-03-17 00:15:27', 1, 0),
('26942456-25a8-5ec2-8b41-c1ec321fe728', 'NV-78601', 'Đinh Văn Lan ', '1999-02-26', 2, '142cb08f-7c31-21fa-8e90-67245e8b283e', '505481819', '2022-02-19', 'Nghệ An', 'Thực tập sinh', 'Hà Nam', '593142696', '505481819', 'Alvarez39@example.com', '3326779', 'TECH', 'Cầu Giấy', 'Ike Hernandez', '2018-03-07 22:33:21', NULL, '2020-02-04 18:20:14', 0, NULL),
('27318165-703a-31a0-3277-d9ebc53aac3d', 'NV-85003', 'Đinh Thu Cường', NULL, NULL, '142cb08f-7c31-21fa-8e90-67245e8b283e', '131386102', NULL, 'Hà Giang', NULL, NULL, '973145843', '131386102', NULL, '3067874', 'ACB', 'Đan Phượng', 'William Bergman', NULL, NULL, '2018-01-01 00:00:07', NULL, 1),
('27e60da2-385e-6804-8441-c1ec321fe728', 'NV-01418', 'Lý Thu Minh', '1975-08-03', 2, '142cb08f-7c31-21fa-8e90-67245e8b283e', '928209125', '2019-01-02', 'Nghệ An', 'Nhân viên', 'Hà Nội', '838431631', '928209125', 'Abel_Stratton@example.com', '8870738', 'TECH', 'Hoài Đức', 'Iesha Jimenez', '2015-01-01 00:15:45', NULL, '2018-01-01 00:16:16', 1, 0),
('281af570-5697-2b8d-6b80-7ed9d1ea06ea', 'NV-17065', 'Lê Văn Ly ', '1993-11-24', 0, '142cb08f-7c31-21fa-8e90-67245e8b283e', '396624223', '2019-02-18', 'Hưng Yên', 'Thực tập sinh', 'Hà Nam', '378093202', '396624223', 'Roark@example.com', '7231657', 'ACB', 'Cầu Giấy', 'Albertine Gilchrist', '2021-01-16 20:32:20', NULL, '2018-03-14 22:52:14', 0, 0),
('285d6b44-3b0c-4697-e01d-086412a8ea97', 'NV-77669', 'Dương Thị Hiếu', '1975-03-16', 2, '4e272fc4-7875-78d6-7d32-6a1673ffca7c', '104095756', '2019-03-23', 'Hà Giang', 'Thực tập sinh', 'Hà Nam', '483581419', '104095756', 'AlenaPratt269@example.com', '0108130', 'VCB', 'Đan Phượng', 'Abe Matteson', '2015-01-01 00:13:25', 'Israel Abernathy', NULL, 0, NULL),
('28692b18-2ec1-574b-6780-7ed9d1ea06ea', 'NV-79612', 'Đỗ Văn Hường ', '1973-02-27', 2, '4e272fc4-7875-78d6-7d32-6a1673ffca7c', '532889180', '2019-05-29', 'Hưng Yên', 'Trưởng nhóm', 'Nghệ An', '287236202', '532889180', 'Gross387@example.com', '0146409', 'VCB', NULL, NULL, '2015-01-01 00:00:58', 'Jeffery Lynch', NULL, 0, NULL),
('28a16581-1fd1-546b-1677-d9ebc53aac3d', 'NV-27471', 'Võ Ánh Cường', '1992-07-06', 2, '142cb08f-7c31-21fa-8e90-67245e8b283e', '597587323', '2022-02-12', 'Hà Nam', 'Nhân viên', 'Nghệ An', '663454189', '597587323', 'Marge.Kee32@example.com', '0285044', 'BIDV', 'Cầu Giấy', 'Adeline Levesque', '2018-07-08 10:16:27', 'Denis Cardwell', '2021-05-14 23:40:12', 1, 0),
('28cd1599-63bf-785f-4f80-7ed9d1ea06ea', 'NV-47975', 'Nguyễn Đình Mai ', '1995-03-20', 0, '4e272fc4-7875-78d6-7d32-6a1673ffca7c', '935930433', '2019-10-22', 'Hải Phòng', 'Thực tập sinh', 'Hà Nội', '814355122', '935930433', 'Barr@nowhere.com', '2014134', 'TECH', 'Đan Phượng', 'Marco Horn', '2021-05-28 22:08:27', 'Edward Jarvis', NULL, 0, NULL),
('29dcec4b-6bba-5878-1735-60b3ebf808a9', 'NV-22507', 'Mạc Ngọc Dương', '1994-12-23', 0, '4e272fc4-7875-78d6-7d32-6a1673ffca7c', '943468900', '2020-09-08', 'Nghệ An', 'Fresher', 'Hà Nội', '732987798', '943468900', 'Abel2@example.com', '2581811', 'ACB', 'Hoài Đức', 'Anton Marvin', '2015-01-01 02:13:47', 'Owen Cortes', '2018-02-03 02:25:54', 1, NULL),
('2afb2146-430d-394b-3d35-0028ed526dd0', 'NV-37107', 'Đinh Thị Huy', '1973-03-03', 1, '142cb08f-7c31-21fa-8e90-67245e8b283e', '968894253', '2020-02-24', 'Hà Giang', 'Trưởng nhóm', 'Hưng Yên', '460083868', '968894253', 'Tackett@example.com', '7173817', 'TECH', 'Đan Phượng', 'Hilma Bower', '2015-01-01 00:01:02', 'Rory Burchfield', '2018-01-01 02:37:34', 0, 0),
('2bd27090-2727-2b8e-2f80-de64d090a2c2', 'NV-43651', 'Lý Đình Vy ', '1973-03-26', 1, '142cb08f-7c31-21fa-8e90-67245e8b283e', '437452883', '2019-08-17', 'Nghệ An', 'Nhân viên', 'Hải Phòng', '661897046', '437452883', 'Rousseau2@example.com', '7045199', 'BIDV', 'Đan Phượng', 'Sarina Drayton', '2015-01-01 00:01:25', 'Saul Abbott', '2018-01-01 00:00:32', 0, NULL),
('2bd927cf-7faf-452e-4535-0028ed526dd0', 'NV-70542', 'Vũ Thu Long', NULL, NULL, '17120d02-6ab5-3e43-18cb-66948daf6128', '223307392', NULL, 'Hà Giang', NULL, NULL, '094827620', '223307392', NULL, '3946940', 'VCB', 'Cầu Giấy', 'Javier Daley', NULL, 'Adan Galarza', '2020-08-13 20:46:09', NULL, 1),
('2c06d3cb-7ef7-4462-5e80-7ed9d1ea06ea', 'NV-10137', 'Đinh Thu Hải Anh', '1994-09-15', 2, '17120d02-6ab5-3e43-18cb-66948daf6128', '045493189', '2019-01-18', NULL, 'Fresher', 'Hà Nam', '589897455', '045493189', 'Abrams42@nowhere.com', '4168685', 'BIDV', 'Cầu Giấy', 'Bernie Neil', '2017-04-24 13:32:42', NULL, '2020-07-03 14:55:50', 1, 0),
('2c14d4bf-4fdf-22d0-cbd2-89b22d10517e', 'NV-04918', 'Mạc Đình Hường ', '1975-04-08', 0, '17120d02-6ab5-3e43-18cb-66948daf6128', '773374727', '2019-11-06', 'Hưng Yên', 'Fresher', 'Hải Phòng', '505640927', '773374727', 'bufmxxue437@nowhere.com', '1227095', 'BIDV', 'Hoài Đức', 'Steven Acuna', '2015-01-01 00:13:48', NULL, '2018-06-05 20:16:26', 0, 0),
('2c380a42-1611-28c2-3ac2-579daad24557', 'NV-05282', 'Phạm Đăng Hà ', '1974-01-07', 0, '142cb08f-7c31-21fa-8e90-67245e8b283e', '926986273', '2019-01-09', 'Nghệ An', 'Thực tập sinh', 'Hưng Yên', '023427384', '926986273', 'JeannineAli@example.com', '9086122', 'BIDV', 'Đan Phượng', 'Andy Tennant', '2015-01-01 00:06:12', 'Alecia Lemmon', '2020-05-25 19:42:06', 0, 0),
('2d3ae261-2b44-7713-41c2-579daad24557', 'NV-31102', 'Đỗ Đình Lan ', '1977-12-26', 1, '4e272fc4-7875-78d6-7d32-6a1673ffca7c', '140620562', '2021-05-09', 'Hà Nội', 'Nhân viên', 'Nghệ An', '197238446', '140620562', 'AikoMartz@nowhere.com', '9869008', 'ACB', 'Cầu Giấy', 'Anita Somers', '2019-03-27 01:36:55', 'Abby Kohler', '2019-05-24 05:24:29', 1, 0),
('2dd6b3a0-2350-1230-1835-60b3ebf808a9', 'NV-51371', 'Trần Thu Việt Anh', NULL, NULL, '4e272fc4-7875-78d6-7d32-6a1673ffca7c', '073261287', NULL, 'Hà Giang', NULL, NULL, '854515130', '073261287', NULL, '4199346', 'ACB', NULL, NULL, NULL, NULL, '2020-12-22 08:11:37', NULL, 0),
('2ee950fb-4256-49aa-e41d-086412a8ea97', 'NV-07777', 'Lý Văn Nhung ', '1981-08-20', 2, '469b3ece-744a-45d5-957d-e8c757976496', '644504974', '2019-01-26', NULL, 'Nhân viên', 'Hải Phòng', '352897285', '644504974', 'Krystin.Moreland@nowhere.com', '1429509', 'VCB', 'Đan Phượng', 'Darrick Kohn', '2016-05-21 23:07:26', NULL, '2022-07-05 23:02:27', 0, 1),
('2efc0ff3-37c0-286f-bbd2-89b22d10517e', 'NV-77937', 'Dương Ánh Chiến', '1973-01-12', 1, '4e272fc4-7875-78d6-7d32-6a1673ffca7c', '203809113', '2019-01-02', 'Hà Nội', 'Fresher', 'Hà Nội', '830179405', '203809113', 'ErasmoA_Armenta@nowhere.com', '7605535', 'BIDV', 'Đan Phượng', 'Debroah Lombard', '2015-01-01 00:00:12', 'Rolande Price', '2023-04-06 11:51:31', 0, 1),
('2f25e35e-15fb-71e4-4e35-0028ed526dd0', 'NV-01164', 'Hồ Ánh Tài', '1997-06-18', 1, '469b3ece-744a-45d5-957d-e8c757976496', '096484835', '2020-07-24', 'Hà Giang', 'Thực tập sinh', 'Nghệ An', '299535405', '096484835', 'DouglasSisson9@example.com', '7267444', 'VCB', 'Hoài Đức', 'John Bello', '2021-09-06 05:54:36', 'Dominga Abernathy', NULL, 0, NULL),
('2f43fc9d-1f7a-25fc-5280-7ed9d1ea06ea', 'NV-70012', 'Đỗ Đăng Hiền ', '1996-01-11', 2, '142cb08f-7c31-21fa-8e90-67245e8b283e', '429262683', '2019-01-02', 'Hà Giang', 'Trưởng phòng', 'Hà Giang', '609588079', '429262683', 'Arthur@example.com', '7673744', 'BIDV', 'Hoài Đức', 'Everette Anders', '2015-10-05 20:52:05', NULL, '2019-10-18 03:54:12', 0, 1),
('2f4cc91d-6f13-4b4c-1c80-de64d090a2c2', 'NV-75821', 'Hồ Văn Ly ', '2002-08-05', 0, '469b3ece-744a-45d5-957d-e8c757976496', '972563931', '2020-09-30', 'Hà Nam', 'Nhân viên', 'Hà Nam', '788584429', '972563931', 'Jeffery_Nieves@example.com', '1156055', 'BIDV', 'Hoài Đức', 'Samual Sheffield', '2022-04-04 10:44:10', 'Fermina Fields', '2018-01-01 00:00:44', 1, NULL),
('3017e692-73fb-6331-6a80-7ed9d1ea06ea', 'NV-51009', 'Hoàng Xuân Trang ', '1973-01-04', 1, '142cb08f-7c31-21fa-8e90-67245e8b283e', '839987501', '2019-01-08', 'Hà Nội', 'Trưởng nhóm', 'Nghệ An', '378439186', '839987501', 'Abdul_Abel85@example.com', '1802842', 'BIDV', 'Đan Phượng', 'Aubrey Mares', '2015-01-01 00:00:04', 'Maisie Abraham', '2022-09-03 06:19:32', 1, 0),
('31629133-61f6-7765-1535-60b3ebf808a9', 'NV-97438', 'Dương Thu Thương', '1973-01-04', 1, '469b3ece-744a-45d5-957d-e8c757976496', '162137010', '2020-05-31', NULL, 'Fresher', 'Hà Giang', '970260426', '162137010', 'ounnuh7224@example.com', '8363684', 'VCB', 'Hoài Đức', 'Tamala Foust', '2015-01-01 00:00:04', NULL, '2020-11-04 21:05:17', 0, 0),
('31ae1818-7baf-1872-1e77-d9ebc53aac3d', 'NV-11176', 'Nguyễn Thu Cường', '1982-10-22', 0, '17120d02-6ab5-3e43-18cb-66948daf6128', '280333392', '2021-01-10', 'Hà Giang', 'Trưởng nhóm', 'Hải Phòng', '813819832', '280333392', 'Baughman@nowhere.com', '0178192', 'VCB', 'Đan Phượng', 'Waltraud Abbott', '2017-09-02 02:45:44', 'Anita Cowles', NULL, 1, NULL),
('322105dd-142f-392d-2fc2-579daad24557', 'NV-02395', 'Mạc Ngọc Tiến', '1973-07-20', 0, '469b3ece-744a-45d5-957d-e8c757976496', '595875570', '2019-04-02', 'Hưng Yên', 'Nhân viên', 'Hà Nội', '239278695', '595875570', 'ErnestBelanger@nowhere.com', '4069185', 'ACB', 'Đan Phượng', 'Myrl Combs', '2020-08-07 15:09:26', 'Parthenia Pomeroy', '2018-01-01 00:00:02', 0, 0),
('324ac33a-77c5-13a5-0535-60b3ebf808a9', 'NV-17940', 'Mạc Quỳnh Quyền', '2001-12-15', 2, '142cb08f-7c31-21fa-8e90-67245e8b283e', '383339671', '2019-01-04', 'Hà Giang', 'Trưởng phòng', 'Hưng Yên', '978601847', '383339671', 'awpq00@example.com', '5427527', 'TECH', 'Đan Phượng', 'Benedict Mcdermott', '2022-01-14 13:35:18', 'Minerva Clifton', '2018-01-01 00:01:09', 0, NULL),
('329b5332-34e3-1ae4-6ef6-423b4e874d0f', 'NV-61288', 'Hoàng Duy Ánh ', '1990-02-23', 0, '17120d02-6ab5-3e43-18cb-66948daf6128', '554391197', '2020-06-05', 'Hà Giang', 'Nhân viên', 'Hưng Yên', '652378300', '554391197', 'Abel@nowhere.com', '6964630', 'ACB', 'Đan Phượng', 'Archie Hooper', '2022-03-18 07:25:24', 'Bernardo Adams', NULL, 0, NULL),
('33589ecb-33ac-28c7-9241-c1ec321fe728', 'NV-81492', 'Nguyễn Đăng Hà ', '1973-01-06', 2, '4e272fc4-7875-78d6-7d32-6a1673ffca7c', '199760120', '2021-09-27', 'Nghệ An', 'Fresher', 'Hưng Yên', '437255045', '199760120', 'Hayward45@nowhere.com', '6369237', 'TECH', 'Hoài Đức', 'Dirk Ennis', '2015-01-01 00:00:06', 'Stan Lanier', NULL, 1, NULL),
('337faf61-662b-461a-69f6-423b4e874d0f', 'NV-50827', 'Mạc Xuân Trà My ', '1985-09-15', 2, '142cb08f-7c31-21fa-8e90-67245e8b283e', '623634138', '2022-03-13', 'Hà Giang', 'Nhân viên', 'Nghệ An', '392073579', '623634138', 'Joseph.Trapp@example.com', '9145762', 'TECH', 'Đan Phượng', 'Louie Freedman', '2016-08-20 11:39:48', NULL, '2023-06-04 18:51:31', 0, 1),
('33ec4fea-4c03-3191-3ec2-579daad24557', 'NV-28146', 'Vũ Đình Ánh ', '1996-01-03', 0, '469b3ece-744a-45d5-957d-e8c757976496', '749261056', '2020-05-30', 'Hà Nội', 'Trưởng phòng', 'Hải Phòng', '801207795', '749261056', 'Celina.Halcomb@example.com', '4727202', 'BIDV', 'Đan Phượng', 'Rufina Ali', '2017-05-13 04:28:48', 'Brianna Chappell', '2021-05-02 08:38:28', 0, NULL),
('34d0e3b5-6d5f-1fd7-0635-60b3ebf808a9', 'NV-12433', 'Nguyễn Văn Duyên ', '1973-01-02', 2, '469b3ece-744a-45d5-957d-e8c757976496', '601365594', '2022-04-02', NULL, 'Nhân viên', 'Hải Phòng', '021414806', '601365594', 'Goff@example.com', '6485014', 'BIDV', 'Hoài Đức', 'Donovan Buckley', '2015-01-01 00:00:02', NULL, '2022-05-06 08:22:13', 0, 0),
('34e55501-2213-19af-6d80-7ed9d1ea06ea', 'NV-59714', 'Nguyễn Đăng Lan ', '1990-06-23', 0, '4e272fc4-7875-78d6-7d32-6a1673ffca7c', '380046228', '2019-11-26', NULL, 'Trưởng nhóm', 'Hà Giang', '409555386', '380046228', 'mgztf5@example.com', '1589226', 'VCB', 'Hoài Đức', 'Rozella Andrews', '2016-01-18 08:08:32', NULL, '2022-09-21 16:40:53', 1, 0),
('350cf027-3245-532d-bcd2-89b22d10517e', 'NV-04733', 'Võ Xuân Lan ', '1973-01-10', 2, '4e272fc4-7875-78d6-7d32-6a1673ffca7c', '239426108', '2020-11-29', 'Hà Nội', 'Fresher', 'Hà Giang', '476169111', '239426108', 'GalenPino@example.com', '7076814', 'BIDV', 'Cầu Giấy', 'Irwin Archibald', '2015-01-01 00:00:10', 'Otis Calkins', '2022-12-03 15:49:16', 0, 1),
('3512583a-64ab-33c0-6c80-7ed9d1ea06ea', 'NV-01850', 'Võ Ngọc Chiến', '1973-02-18', 1, '142cb08f-7c31-21fa-8e90-67245e8b283e', '903571697', '2021-04-07', 'Hà Nam', 'Trưởng phòng', 'Nghệ An', '152292123', '903571697', 'HerbFreedman771@nowhere.com', '0840943', 'TECH', 'Cầu Giấy', 'Jerry Beaudoin', '2015-01-01 00:00:49', NULL, '2018-11-14 08:30:32', 0, 0),
('3582e86f-1b41-6262-7ef6-423b4e874d0f', 'NV-59394', 'Lý Ngọc Long', '1981-08-28', 1, '17120d02-6ab5-3e43-18cb-66948daf6128', '875957975', '2019-01-06', 'Hà Nam', 'Thực tập sinh', 'Hà Nam', '864471189', '875957975', 'Boyce.Barrios111@example.com', '2735380', 'BIDV', 'Cầu Giấy', 'Orlando Branson', '2018-09-02 13:50:17', 'Adina Hamlin', '2023-05-03 05:36:42', 0, NULL),
('35c3a053-254d-33f3-1b80-de64d090a2c2', 'NV-13295', 'Lý Thu Tài', '1984-07-16', 0, '4e272fc4-7875-78d6-7d32-6a1673ffca7c', '857676574', '2022-04-01', 'Hà Nam', 'Nhân viên', 'Hà Giang', '120116765', '857676574', 'Duval@example.com', '7097498', 'ACB', 'Hoài Đức', 'Olga Haag', '2020-09-06 21:39:40', NULL, '2018-01-01 02:03:38', 1, 1),
('35ec2e7b-17b3-1b63-6080-7ed9d1ea06ea', 'NV-37518', 'Hồ Xuân Hường ', '1993-10-23', 2, '142cb08f-7c31-21fa-8e90-67245e8b283e', '215675147', '2019-12-11', 'Hà Giang', 'Thực tập sinh', 'Hà Giang', '604386532', '215675147', 'AnnamarieKeen26@nowhere.com', '0903289', 'TECH', 'Đan Phượng', 'Rosette Means', '2015-04-03 01:55:00', 'Camilla Henke', '2021-03-26 00:10:37', 0, 0),
('363b67cb-40ae-552d-2b77-d9ebc53aac3d', 'NV-66612', 'Lý Duy Hoa ', '1994-09-15', 2, '17120d02-6ab5-3e43-18cb-66948daf6128', '596372738', '2019-02-05', 'Hải Phòng', 'Nhân viên', 'Hưng Yên', '935387928', '596372738', 'Loftin@example.com', '3804979', 'VCB', NULL, NULL, '2015-10-21 08:00:53', 'Abram Penny', NULL, 0, NULL),
('36ac2df8-2b1e-368f-cc1d-086412a8ea97', 'NV-43551', 'Vũ Đình Anh ', '1992-06-22', 1, '17120d02-6ab5-3e43-18cb-66948daf6128', '405648859', '2022-01-18', 'Hà Giang', 'Thực tập sinh', 'Hà Nội', '908910306', '405648859', 'ktercnnp_okcisx@example.com', '1941437', 'ACB', 'Đan Phượng', 'Cora Pacheco', '2019-03-22 13:17:07', 'Gregg Fulmer', '2018-05-01 21:04:39', 0, NULL),
('3738ce93-1661-5628-2cc2-579daad24557', 'NV-61482', 'Trần Thị Thịnh', '1975-11-11', 0, '142cb08f-7c31-21fa-8e90-67245e8b283e', '132123345', '2021-04-17', 'Hà Nam', 'Thực tập sinh', 'Hải Phòng', '220990531', '132123345', 'wawwcqng.wmbvidy@example.com', '8823251', 'TECH', 'Cầu Giấy', 'Minh Withers', '2018-09-16 11:11:57', NULL, '2023-04-29 16:32:00', 0, 1),
('383760d5-6851-218b-4835-0028ed526dd0', 'NV-09903', 'Đỗ Đình Hà ', '1976-04-08', 1, '17120d02-6ab5-3e43-18cb-66948daf6128', '002382185', '2022-04-04', 'Hà Giang', 'Fresher', 'Hà Nội', '018895468', '002382185', 'Grissom@example.com', '8459404', 'VCB', 'Hoài Đức', 'Mae Abraham', '2017-10-24 13:09:46', 'Broderick Aviles', '2021-12-21 21:18:05', 0, 1),
('38dc720e-654a-29d5-34c2-579daad24557', 'NV-54583', 'Đinh Thu Hào', '1995-07-26', 1, '142cb08f-7c31-21fa-8e90-67245e8b283e', '946737697', '2020-12-06', 'Hưng Yên', 'Thực tập sinh', 'Hải Phòng', '116810674', '946737697', 'zjnogqkv_umtich@example.com', '8590245', 'ACB', 'Hoài Đức', 'Rachel Enriquez', '2020-05-16 02:43:08', 'Rueben Viera', '2018-01-01 00:00:03', 1, 0),
('395826c8-15a0-31f9-5980-7ed9d1ea06ea', 'NV-64741', 'Đỗ Đăng Như ', '1973-01-06', 2, '142cb08f-7c31-21fa-8e90-67245e8b283e', '499464531', '2022-02-15', 'Hưng Yên', 'Thực tập sinh', 'Hải Phòng', '738034050', '499464531', 'Bolen@nowhere.com', '6588229', 'TECH', 'Hoài Đức', 'Ambrose Crowley', '2015-01-01 00:00:06', 'Jason Mcnabb', '2023-01-17 22:11:24', 0, 1),
('395fb299-3c5f-46fe-8841-c1ec321fe728', 'NV-80389', 'Võ Duy Lan Anh ', '1992-12-29', 0, '17120d02-6ab5-3e43-18cb-66948daf6128', '800606029', '2020-10-25', 'Hà Nội', 'Fresher', 'Nghệ An', '551015343', '800606029', 'Dana.Buckner@nowhere.com', '8889082', 'BIDV', 'Cầu Giấy', 'Noel Acevedo', '2015-04-17 22:49:59', 'Alison Abreu', '2018-06-07 19:43:07', 1, 0),
('39f3c493-4680-145e-42c2-579daad24557', 'NV-27327', 'Lê Đăng Hoa ', '2002-08-03', 1, '469b3ece-744a-45d5-957d-e8c757976496', '416334055', '2021-01-22', 'Hà Giang', 'Thực tập sinh', 'Nghệ An', '045368762', '416334055', 'AdalineZepeda@nowhere.com', '5268182', 'VCB', 'Cầu Giấy', 'Alecia Huskey', '2017-08-08 05:41:53', 'Danny Baum', NULL, 1, NULL),
('3a425a4d-6066-116b-6bf6-423b4e874d0f', 'NV-97162', 'Đỗ Duy Mai ', '1973-03-30', 1, '469b3ece-744a-45d5-957d-e8c757976496', '355212197', '2020-03-30', 'Hưng Yên', 'Trưởng nhóm', 'Hà Giang', '092327652', '355212197', 'Hooks24@example.com', '5085094', 'ACB', 'Đan Phượng', 'Gerry Hutchens', '2015-01-01 00:01:29', 'Delmy Peeler', '2020-03-02 03:59:48', 0, NULL),
('3ac85d96-49eb-7b1d-1135-60b3ebf808a9', 'NV-42883', 'Mạc Đăng Trang ', '1975-05-10', 0, '142cb08f-7c31-21fa-8e90-67245e8b283e', '772519822', '2021-06-30', 'Hà Giang', 'Trưởng phòng', 'Hải Phòng', '298606659', '772519822', 'Edwardo.HAbel@example.com', '1268916', 'VCB', NULL, NULL, '2015-01-01 00:14:20', NULL, NULL, 1, NULL),
('3b668e3c-742f-4876-8e41-c1ec321fe728', 'NV-31658', 'Hoàng Đình Nhung ', '1986-03-04', 1, '17120d02-6ab5-3e43-18cb-66948daf6128', '772364017', '2020-03-23', 'Hà Giang', 'Fresher', 'Hà Nam', '710006531', '772364017', 'upcvcla96@nowhere.com', '0227101', 'VCB', 'Hoài Đức', 'Truman Aiken', '2018-07-09 20:28:49', NULL, '2018-07-17 13:17:13', 0, 0),
('3b9be541-2ef2-4000-4bc2-579daad24557', 'NV-20954', 'Nguyễn Ngọc Tiến', '1975-09-04', 1, '142cb08f-7c31-21fa-8e90-67245e8b283e', '828216035', '2021-05-13', NULL, 'Thực tập sinh', 'Hà Nam', '621738052', '828216035', 'AgripinaLatimer235@example.com', '3961340', 'BIDV', 'Cầu Giấy', 'Janett Benavides', '2015-01-01 00:16:17', NULL, '2018-05-08 14:16:16', 0, 0),
('3b9ddf67-2552-6683-5a80-7ed9d1ea06ea', 'NV-27690', 'Lý Quỳnh Hào', '1973-02-17', 0, '469b3ece-744a-45d5-957d-e8c757976496', '799405797', '2019-01-10', 'Hà Giang', 'Trưởng phòng', 'Hà Nội', '351506699', '799405797', 'Ernesto.Cody@nowhere.com', '4655970', 'BIDV', 'Hoài Đức', 'Tamera Amaya', '2015-01-01 00:00:48', 'Emory Bishop', '2018-01-01 00:06:47', 0, NULL),
('3cb58bb5-2fd7-6c15-8741-c1ec321fe728', 'NV-07368', 'Vũ Ánh Dương', '1983-11-14', 1, '17120d02-6ab5-3e43-18cb-66948daf6128', '012238487', '2021-03-05', 'Hưng Yên', 'Fresher', 'Hà Nội', '028305282', '012238487', 'PhilomenaLabbe@example.com', '3322600', 'ACB', 'Hoài Đức', 'Addie Goss', '2017-01-01 18:27:05', 'Reta Wilbanks', NULL, 0, NULL),
('3cc7be2d-6406-4b95-3cc2-579daad24557', 'NV-85055', 'Võ Duy Duyên ', NULL, NULL, '17120d02-6ab5-3e43-18cb-66948daf6128', '921073115', NULL, 'Hà Nội', NULL, NULL, '069103437', '921073115', NULL, '5927691', 'ACB', 'Hoài Đức', 'Nita Mcwhorter', NULL, 'Apryl Archibald', '2018-11-20 23:15:32', NULL, 1),
('3d1266d8-49d7-3605-2477-d9ebc53aac3d', 'NV-81534', 'Võ Đăng Mai ', '1998-09-22', 0, '17120d02-6ab5-3e43-18cb-66948daf6128', '683471352', '2021-04-24', 'Hưng Yên', 'Trưởng phòng', 'Hưng Yên', '311642559', '683471352', 'DenverSewell899@example.com', '9942808', 'VCB', 'Cầu Giấy', 'Isadora Beckham', '2020-10-19 08:36:44', 'Rosina Adair', NULL, 1, NULL),
('3d18d4c2-2f39-3dce-d61d-086412a8ea97', 'NV-75856', 'Võ Thu Việt', '1987-05-10', 0, '142cb08f-7c31-21fa-8e90-67245e8b283e', '187346990', '2019-11-21', 'Nghệ An', 'Fresher', 'Hà Nội', '232629953', '187346990', 'RobertoFinney@example.com', '3635940', 'ACB', 'Hoài Đức', 'Hung Ackerman', '2015-07-23 22:55:32', 'Vincenzo Homan', NULL, 1, NULL),
('3d9b23c7-7369-2872-5635-0028ed526dd0', 'NV-52991', 'Đỗ Thị Hải Anh', '1985-11-13', 1, '142cb08f-7c31-21fa-8e90-67245e8b283e', '144602134', '2021-10-29', 'Hải Phòng', 'Trưởng phòng', 'Hà Nam', '228010784', '144602134', 'Abel.Hutton677@example.com', '4838166', 'VCB', NULL, NULL, '2015-01-01 01:18:20', NULL, '2020-03-17 18:40:52', 0, 0),
('3e2b2e81-5437-1a99-9441-c1ec321fe728', 'NV-08387', 'Mạc Đăng Anh ', NULL, NULL, '142cb08f-7c31-21fa-8e90-67245e8b283e', '946591942', NULL, 'Nghệ An', NULL, NULL, '499197112', '946591942', NULL, '5630428', 'ACB', 'Cầu Giấy', 'Evon Campbell', NULL, 'Cesar Singletary', '2021-08-24 04:20:38', NULL, 1),
('3e51a46c-4153-229c-7f41-c1ec321fe728', 'NV-94481', 'Võ Thị Báo', '1998-04-23', 2, '17120d02-6ab5-3e43-18cb-66948daf6128', '616602556', '2019-12-23', 'Hải Phòng', 'Nhân viên', 'Hà Giang', '118125266', '616602556', 'NorrisBolt@example.com', '1454490', 'BIDV', NULL, NULL, '2017-03-26 18:06:51', 'Aide Manley', NULL, 0, NULL),
('3e7dd0ec-7ee5-392a-1277-d9ebc53aac3d', 'NV-36357', 'Vũ Thị Long', '1975-06-16', 0, '469b3ece-744a-45d5-957d-e8c757976496', '031294259', '2020-12-21', 'Hải Phòng', 'Fresher', 'Hà Nam', '431300485', '031294259', 'Acker@example.com', '1762013', 'BIDV', 'Cầu Giấy', 'Adaline Ashley', '2015-01-01 00:14:57', 'Augustus Abreu', '2018-01-01 00:00:04', 0, 1),
('3f7028bf-3771-75c5-2380-de64d090a2c2', 'NV-31629', 'Võ Thu Thịnh', '1999-01-18', 0, '142cb08f-7c31-21fa-8e90-67245e8b283e', '707607901', '2020-07-22', 'Hà Giang', 'Trưởng nhóm', 'Nghệ An', '335412550', '707607901', 'TraceyBorders4@nowhere.com', '6385545', 'ACB', 'Cầu Giấy', 'Beverly Shepherd', '2015-12-26 22:08:24', 'Porter Beltran', '2018-07-05 19:53:07', 0, 1),
('3fa724dd-431f-5032-2a80-de64d090a2c2', 'NV-06372', 'Nguyễn Thu Thịnh', '1979-08-15', 2, '142cb08f-7c31-21fa-8e90-67245e8b283e', '189727368', '2020-03-30', 'Hà Nội', 'Nhân viên', 'Nghệ An', '882334842', '189727368', 'LucianaKeaton@example.com', '3647624', 'BIDV', 'Cầu Giấy', 'Jamie Sloan', '2016-06-11 18:35:23', 'Ernestina Witte', '2023-05-25 12:02:22', 1, 1),
('3fc4ed08-1219-1c6d-5480-7ed9d1ea06ea', 'NV-61408', 'Nguyễn Duy Vy ', '1974-07-29', 0, '4e272fc4-7875-78d6-7d32-6a1673ffca7c', '120078463', '2021-04-05', 'Hà Nội', 'Thực tập sinh', 'Nghệ An', '124186231', '120078463', 'Buck.Y_Agnew669@example.com', '9197881', 'BIDV', 'Hoài Đức', 'Maria Anthony', '2015-02-01 14:06:21', 'Mistie Musgrove', '2019-05-09 07:30:51', 0, 0),
('3fed64ec-2f94-798f-0335-60b3ebf808a9', 'NV-82476', 'Võ Đăng Ánh ', '1987-08-16', 2, '17120d02-6ab5-3e43-18cb-66948daf6128', '643445352', '2020-02-18', 'Hải Phòng', 'Nhân viên', 'Hải Phòng', '076452635', '643445352', 'EleanoreYEscamilla158@example.com', '7767183', 'TECH', 'Cầu Giấy', 'Tim Howe', '2020-11-20 09:54:27', 'Abdul Rainey', '2018-01-01 00:09:09', 0, 0),
('40160288-72cf-185c-c8d2-89b22d10517e', 'NV-89771', 'Dương Đăng Ly ', '1978-12-29', 0, '17120d02-6ab5-3e43-18cb-66948daf6128', '503300375', '2019-11-07', 'Hà Nam', 'Trưởng nhóm', 'Hưng Yên', '922581011', '503300375', 'Adolph_ACulver@nowhere.com', '6949292', 'BIDV', 'Đan Phượng', 'Douglass Ackerman', '2015-08-06 23:10:50', 'Zandra Burns', '2020-11-25 01:09:28', 0, 0),
('401e72cc-49b0-5b4a-5335-0028ed526dd0', 'NV-88419', 'Lý Thu Hào', '1999-10-09', 2, '4e272fc4-7875-78d6-7d32-6a1673ffca7c', '782912864', '2019-03-16', 'Hà Nam', 'Nhân viên', 'Hà Nam', '121597975', '782912864', 'bxsjenru_epos@example.com', '7688623', 'VCB', 'Cầu Giấy', 'Demetria Childers', '2018-11-13 01:25:38', 'Raymon Burdette', NULL, 0, NULL),
('4029deb6-568c-284f-8941-c1ec321fe728', 'NV-65509', 'Hoàng Đình Hiền ', '1987-01-15', 0, '142cb08f-7c31-21fa-8e90-67245e8b283e', '974629994', '2020-02-15', 'Hà Nam', 'Nhân viên', 'Hà Nam', '526565865', '974629994', 'CortezAlderman@example.com', '2162165', 'TECH', 'Cầu Giấy', 'Kena Edward', '2022-06-02 21:17:08', 'Oscar Mayo', NULL, 0, NULL),
('405d596c-21be-7e1a-3dc2-579daad24557', 'NV-13587', 'Hồ Đăng Hoa ', '1973-08-23', 1, '17120d02-6ab5-3e43-18cb-66948daf6128', '875299896', '2022-03-14', 'Nghệ An', 'Thực tập sinh', 'Hà Nam', '472998608', '875299896', 'bsmbmevr.huhr@example.com', '1124312', 'BIDV', 'Đan Phượng', 'Joan Dodson', '2015-01-01 00:03:55', 'Lila Eng', '2018-01-01 00:08:22', 0, NULL),
('407db4d1-222b-287d-0135-60b3ebf808a9', 'NV-24089', 'Phạm Đình Lan Anh ', '1982-12-11', 0, '469b3ece-744a-45d5-957d-e8c757976496', '930253867', '2020-05-11', 'Hà Giang', 'Fresher', 'Hưng Yên', '876061955', '930253867', 'Almeida24@example.com', '5876963', 'ACB', 'Đan Phượng', 'Jeffry Pease', '2015-01-01 01:00:32', 'Lester Cohn', '2023-01-10 13:28:11', 0, 0),
('409dcd1a-426a-23f7-3a35-0028ed526dd0', 'NV-15652', 'Lê Văn Hà ', '1997-05-05', 2, '17120d02-6ab5-3e43-18cb-66948daf6128', '300071801', '2021-06-23', 'Hà Nội', 'Fresher', 'Nghệ An', '663360948', '300071801', 'Atwood@nowhere.com', '8770683', 'ACB', 'Cầu Giấy', 'Gus Sawyer', '2015-07-03 15:42:41', 'Rueben Sell', '2018-06-28 07:00:34', 0, 0),
('40fff47f-4425-60cb-5135-0028ed526dd0', 'NV-50898', 'Phạm Thị Tuấn', '1973-02-05', 0, '17120d02-6ab5-3e43-18cb-66948daf6128', '715904376', '2019-03-12', 'Hưng Yên', 'Thực tập sinh', 'Nghệ An', '063869601', '715904376', 'Holcomb@example.com', '4008401', 'BIDV', 'Đan Phượng', 'Napoleon Shorter', '2015-01-01 00:00:36', 'Laila Short', NULL, 0, NULL),
('417f31fa-5c7b-6b08-6280-7ed9d1ea06ea', 'NV-09195', 'Dương Duy Hà ', '1973-01-27', 2, '4e272fc4-7875-78d6-7d32-6a1673ffca7c', '000898905', '2022-03-25', 'Hưng Yên', 'Trưởng nhóm', 'Hà Giang', '356060965', '000898905', 'Cato35@example.com', '0591337', 'VCB', 'Hoài Đức', 'Marci Acker', '2015-01-01 00:00:27', 'Toshia Hanley', '2018-01-01 01:46:50', 0, 0),
('41f1acba-3177-4b1c-c4d2-89b22d10517e', 'NV-57776', 'Lý Xuân Hoa ', '1977-10-05', 2, '17120d02-6ab5-3e43-18cb-66948daf6128', '702384073', '2019-01-02', 'Hải Phòng', 'Trưởng phòng', 'Nghệ An', '974382705', '702384073', 'Barnett@example.com', '0360427', 'ACB', 'Hoài Đức', 'Abel Conn', '2022-03-23 19:15:07', 'Raleigh Connelly', '2021-08-05 07:08:12', 0, 1),
('42a13e31-2abb-6171-dc1d-086412a8ea97', 'NV-48790', 'Lý Quỳnh Huy', '1973-09-21', 0, '142cb08f-7c31-21fa-8e90-67245e8b283e', '301932780', '2020-09-16', 'Nghệ An', 'Thực tập sinh', 'Hưng Yên', '472365420', '301932780', 'Rodriguez@example.com', '6621298', 'BIDV', 'Đan Phượng', 'Addie August', '2022-08-11 06:18:14', 'Joannie Stubbs', '2022-08-01 05:44:12', 0, 0),
('42b9446a-790b-3892-2ac2-579daad24557', 'NV-47106', 'Mạc Đình Hà ', '1983-02-23', 1, '469b3ece-744a-45d5-957d-e8c757976496', '090524244', '2021-11-30', 'Nghệ An', 'Trưởng nhóm', 'Hà Nội', '322771398', '090524244', 'Perkins@example.com', '0041172', 'ACB', 'Hoài Đức', 'Carl Switzer', '2017-09-03 10:52:50', 'Kristle Dickens', '2021-08-07 02:42:13', 0, 0),
('42db9027-5e76-257b-33c2-579daad24557', 'NV-05955', 'Nguyễn Xuân Giang ', '1973-01-10', 2, '4e272fc4-7875-78d6-7d32-6a1673ffca7c', '877130221', '2019-03-07', 'Nghệ An', 'Trưởng nhóm', 'Hải Phòng', '770512481', '877130221', 'Mindy.Albrecht@nowhere.com', '1256660', 'VCB', 'Hoài Đức', 'Tasha Gallagher', '2015-01-01 00:00:10', 'Adam Mccarty', NULL, 1, NULL),
('443674f7-78a9-5ffa-4f35-0028ed526dd0', 'NV-81355', 'Hoàng Văn Giang ', '1973-03-17', 0, '17120d02-6ab5-3e43-18cb-66948daf6128', '284704445', '2022-06-30', 'Hà Nội', 'Fresher', 'Nghệ An', '285688071', '284704445', 'Lim231@nowhere.com', '4225843', 'BIDV', 'Cầu Giấy', 'Robby Ennis', '2015-01-01 00:01:16', 'Murray Lombardo', NULL, 1, NULL),
('45bd4aa1-3832-3db8-d21d-086412a8ea97', 'NV-73737', 'Lê Văn Ly ', '1999-03-29', 0, '4e272fc4-7875-78d6-7d32-6a1673ffca7c', '765650442', '2020-10-02', 'Hưng Yên', 'Fresher', 'Hà Nam', '574231812', '765650442', 'AntoineLittlefield@nowhere.com', '6949334', 'VCB', 'Đan Phượng', 'Adela Chan', '2019-10-03 15:42:47', 'Alexandria Mendenhall', NULL, 0, NULL),
('45c09477-664f-1904-0f35-60b3ebf808a9', 'NV-52294', 'Mạc Duy Anh ', '1986-06-28', 0, '142cb08f-7c31-21fa-8e90-67245e8b283e', '437186194', '2019-12-29', 'Hà Nội', 'Fresher', 'Nghệ An', '214550349', '437186194', 'LaritaBoss345@nowhere.com', '8251725', 'BIDV', 'Đan Phượng', 'Cheryll Nesmith', '2020-09-04 15:58:20', 'Bernardine Burleson', '2018-11-21 20:31:02', 0, 1),
('46421cb1-7414-1d61-2c80-de64d090a2c2', 'NV-13824', 'Mạc Duy Nhung ', '1973-03-12', 2, '142cb08f-7c31-21fa-8e90-67245e8b283e', '455707545', '2021-08-15', 'Nghệ An', 'Thực tập sinh', 'Hà Nam', '687354566', '455707545', 'LahomaFrantz169@example.com', '7958098', 'BIDV', 'Cầu Giấy', 'Donald Smithson', '2015-01-01 00:01:11', NULL, '2018-01-01 00:16:14', 1, 1),
('481183cb-5a6c-795b-68f6-423b4e874d0f', 'NV-62970', 'Trần Ánh Tiến', NULL, NULL, '142cb08f-7c31-21fa-8e90-67245e8b283e', '845221742', NULL, 'Hà Nội', NULL, NULL, '548433782', '845221742', NULL, '3472254', 'BIDV', 'Đan Phượng', 'Marylyn Medina', NULL, NULL, '2018-08-08 00:50:27', NULL, 1),
('48147636-7e8f-6939-2580-de64d090a2c2', 'NV-86485', 'Phạm Ngọc Long', '1973-12-30', 0, '4e272fc4-7875-78d6-7d32-6a1673ffca7c', '669719070', '2019-01-09', 'Hải Phòng', 'Trưởng phòng', 'Hải Phòng', '907317487', '669719070', 'Demetrius_Mcintyre749@example.com', '3776179', 'TECH', 'Cầu Giấy', 'Adolfo Bolduc', '2016-01-12 21:38:35', 'Zachariah Toth', '2018-04-06 01:17:12', 0, 1),
('4852769b-3986-7c69-2077-d9ebc53aac3d', 'NV-52736', 'Lê Đăng Ly ', '1973-01-01', 0, '17120d02-6ab5-3e43-18cb-66948daf6128', '215579821', '2019-07-28', 'Hà Nội', 'Trưởng nhóm', 'Nghệ An', '609422496', '215579821', 'Ela_Renteria444@nowhere.com', '3387946', 'TECH', 'Cầu Giấy', 'Penny Abrams', '2015-01-01 00:00:01', 'Vanetta Acevedo', '2019-12-30 09:09:11', 1, 0),
('4863fe5f-13df-4653-9041-c1ec321fe728', 'NV-08986', 'Phạm Ánh Hào', '1989-04-09', 2, '4e272fc4-7875-78d6-7d32-6a1673ffca7c', '846805334', '2019-02-22', 'Hà Nam', 'Trưởng phòng', 'Hà Nội', '705835398', '846805334', 'Mitchel.Taylor6@example.com', '5306673', 'BIDV', NULL, NULL, '2018-08-07 03:26:49', 'Valrie Ojeda', NULL, 1, NULL),
('4989ff24-23e7-7b82-b6d2-89b22d10517e', 'NV-26764', 'Đỗ Ngọc Việt', '1985-09-06', 0, '142cb08f-7c31-21fa-8e90-67245e8b283e', '267756120', '2020-11-08', 'Hưng Yên', 'Fresher', 'Hưng Yên', '047106294', '267756120', 'ShandraCarranza@nowhere.com', '0723557', 'BIDV', 'Đan Phượng', 'Freeda Brinkley', '2018-11-04 12:09:41', 'Percy Valdes', NULL, 0, NULL),
('4a594072-7a23-18da-c9d2-89b22d10517e', 'NV-47375', 'Đỗ Quỳnh Chiến', '1992-01-16', 1, '4e272fc4-7875-78d6-7d32-6a1673ffca7c', '291643748', '2019-07-21', NULL, 'Trưởng phòng', 'Hà Nội', '012332607', '291643748', 'Steen@example.com', '3629388', 'ACB', 'Đan Phượng', 'Harris Serna', '2019-06-23 07:55:35', NULL, '2019-07-28 06:58:24', 0, 1),
('4a9854e8-12ac-72ac-2877-d9ebc53aac3d', 'NV-17834', 'Phạm Duy Hiền ', '1977-07-17', 0, '17120d02-6ab5-3e43-18cb-66948daf6128', '654500180', '2021-10-15', 'Hải Phòng', 'Thực tập sinh', 'Hưng Yên', '635571586', '654500180', 'Adcock@nowhere.com', '0825528', 'BIDV', 'Cầu Giấy', 'Corey Matheson', '2017-01-16 09:29:04', 'Carmine Chung', '2018-01-01 01:38:35', 1, 0),
('4b649055-43d5-2b07-de1d-086412a8ea97', 'NV-55736', 'Đinh Quỳnh Long', '1993-10-30', 1, '469b3ece-744a-45d5-957d-e8c757976496', '279299760', '2019-02-10', 'Nghệ An', 'Trưởng phòng', 'Hà Nam', '130993848', '279299760', 'Johnie_Gustafson8@nowhere.com', '1577743', 'BIDV', 'Cầu Giấy', 'Graham Faulkner', '2022-06-08 07:14:15', 'Alison Long', '2019-01-09 07:23:49', 0, 1),
('4bf4567b-1505-40db-dd1d-086412a8ea97', 'NV-07060', 'Hồ Ngọc Hiếu', '1989-11-02', 0, '142cb08f-7c31-21fa-8e90-67245e8b283e', '405899906', '2019-01-02', 'Hải Phòng', 'Nhân viên', 'Hà Giang', '486316288', '405899906', 'Adina.Andres95@example.com', '2991481', 'TECH', 'Đan Phượng', 'Birgit Salisbury', '2015-01-01 01:42:30', 'Walker Alba', '2021-12-08 22:03:46', 0, 0),
('4bf9ecda-2d8e-1724-1d80-de64d090a2c2', 'NV-96021', 'Vũ Duy Ly ', '1984-09-12', 0, '17120d02-6ab5-3e43-18cb-66948daf6128', '382819105', '2020-06-14', 'Hà Giang', 'Trưởng phòng', 'Hưng Yên', '915597413', '382819105', 'Alec.Trejo21@nowhere.com', '4634546', 'BIDV', 'Đan Phượng', 'Jeanette Friedman', '2021-11-10 07:55:21', NULL, '2018-12-01 02:04:09', 1, 0),
('4c1345e7-d350-4e1f-8b77-c867f0422994', 'NV-99451', 'Trần Ánh Thương', '1983-04-19', 0, '469b3ece-744a-45d5-957d-e8c757976496', '537791987', '2020-02-13', 'Hà Giang', 'Nhân viên', 'Hà Nội', '690728297', '537791987', 'Dollar@nowhere.com', '0948566', 'TECH', 'Đan Phượng', NULL, '2023-07-14 17:01:05', NULL, NULL, 1, 1),
('4c14bdf4-3327-39eb-2d80-de64d090a2c2', 'NV-86960', 'Dương Duy Anh ', '1985-11-20', 1, '4e272fc4-7875-78d6-7d32-6a1673ffca7c', '374310731', '2019-01-04', 'Hải Phòng', 'Nhân viên', 'Hà Giang', '324851247', '374310731', 'Hutson@example.com', '0023146', 'VCB', 'Hoài Đức', 'Branden Cochrane', '2021-06-17 11:10:09', 'Jessica Cuevas', '2020-02-20 21:02:50', 0, 0),
('4c61c74b-4a9f-769e-0d35-60b3ebf808a9', 'NV-40198', 'Vũ Đình Hà ', '1998-10-26', 2, '142cb08f-7c31-21fa-8e90-67245e8b283e', '270838003', '2019-01-10', 'Hà Nội', 'Trưởng nhóm', 'Nghệ An', '264395834', '270838003', 'Mckinley_Barbosa835@nowhere.com', '3806987', 'TECH', 'Hoài Đức', 'Ailene Akin', '2021-12-25 09:43:39', 'Agatha Alonso', '2020-12-03 18:24:42', 0, 0),
('4cc606bb-3068-7d32-3f35-0028ed526dd0', 'NV-09998', 'Lê Thu Hiếu', '1983-07-17', 1, '17120d02-6ab5-3e43-18cb-66948daf6128', '259421887', '2021-08-20', 'Hà Nội', 'Trưởng nhóm', 'Hà Giang', '629440910', '259421887', 'Mario_Bivens@nowhere.com', '2648354', 'VCB', 'Cầu Giấy', 'Julio Gillis', '2019-03-04 01:53:54', 'Alexis Goulet', '2019-09-09 11:15:42', 1, 1),
('4d536cce-31bf-335e-bfd2-89b22d10517e', 'NV-08636', 'Phạm Thị Tỉnh', '1995-08-02', 2, '4e272fc4-7875-78d6-7d32-6a1673ffca7c', NULL, '2019-06-08', 'Hà Nội', 'Trưởng nhóm', 'Nghệ An', '725611959', NULL, 'LeonStafford295@example.com', '0864445', 'BIDV', 'Hoài Đức', 'Basil Ackerman', '2021-01-09 20:50:30', 'Whitney Sands', '2021-03-29 10:06:27', 0, 0),
('4d6d3d5c-26da-45b3-2977-d9ebc53aac3d', 'NV-54875', 'Hồ Đình Mai ', '1991-04-09', 1, '142cb08f-7c31-21fa-8e90-67245e8b283e', '779664851', '2021-04-19', 'Hưng Yên', 'Thực tập sinh', 'Hà Nội', '917034096', '779664851', 'BerylAbraham713@nowhere.com', '1172946', 'BIDV', 'Hoài Đức', 'Hugh Willson', '2017-08-11 03:18:28', 'Vinnie Ryan', '2021-11-13 19:46:24', 1, 0),
('4dd0746a-6f49-64fa-1d77-d9ebc53aac3d', 'NV-27520', 'Phạm Thu Quyền', NULL, NULL, '142cb08f-7c31-21fa-8e90-67245e8b283e', '731016215', NULL, 'Hà Nội', NULL, NULL, '492355282', '731016215', NULL, '8731340', 'VCB', 'Đan Phượng', 'Paris Lemieux', NULL, 'Rupert Meyers', '2018-03-04 18:53:13', NULL, 1),
('4e2c885d-5347-35dc-79f6-423b4e874d0f', 'NV-21126', 'Đinh Ngọc Dương', '1999-06-24', 2, '4e272fc4-7875-78d6-7d32-6a1673ffca7c', '500646810', '2021-11-01', 'Hà Nội', 'Trưởng phòng', 'Hưng Yên', '195517151', '500646810', 'Petrie@example.com', '6554068', 'ACB', NULL, NULL, '2015-01-01 02:41:11', 'Shenna Hildebrand', NULL, 1, NULL),
('4eb131b8-234a-632f-4b35-0028ed526dd0', 'NV-66186', 'Lý Đăng Như ', NULL, NULL, '142cb08f-7c31-21fa-8e90-67245e8b283e', '781089242', NULL, 'Hà Nam', NULL, NULL, '673269182', '781089242', NULL, '1878737', 'TECH', 'Hoài Đức', 'Shannon Abraham', NULL, 'Darwin Staples', NULL, NULL, NULL),
('4efc95ad-2cc2-3f45-bed2-89b22d10517e', 'NV-59239', 'Đinh Ngọc Thương', '2003-06-19', 2, '4e272fc4-7875-78d6-7d32-6a1673ffca7c', '839744930', '2020-12-09', 'Nghệ An', 'Trưởng nhóm', 'Hà Nội', '666545025', '839744930', 'Adam.Runyan27@example.com', '1043754', 'BIDV', 'Hoài Đức', 'Michel Rose', '2018-08-31 14:30:39', 'Andria Powell', '2019-01-02 16:15:34', 0, 0),
('4f65f6c1-4525-16e5-4135-0028ed526dd0', 'NV-75827', 'Võ Văn Hà ', NULL, NULL, '142cb08f-7c31-21fa-8e90-67245e8b283e', '031838458', NULL, 'Hải Phòng', NULL, NULL, '869261570', '031838458', NULL, '2726357', 'BIDV', 'Đan Phượng', 'Ambrose Nieto', NULL, NULL, '2020-03-12 05:49:20', NULL, 0),
('4f6e3234-1da4-7273-c7d2-89b22d10517e', 'NV-26207', 'Đinh Đăng Hằng ', '1991-12-02', 2, '142cb08f-7c31-21fa-8e90-67245e8b283e', '746583027', '2021-11-02', 'Hà Giang', 'Thực tập sinh', 'Hà Nam', '392019887', '746583027', 'Thao_Engle846@nowhere.com', '3602235', 'ACB', 'Đan Phượng', 'Erich Abernathy', '2016-02-18 09:59:08', 'Isaias Keeton', NULL, 0, NULL),
('500b6761-1631-4f3a-c0d2-89b22d10517e', 'NV-41256', 'Hồ Xuân Lan Anh ', '1973-02-24', 0, '469b3ece-744a-45d5-957d-e8c757976496', '012065927', '2019-06-08', 'Nghệ An', 'Trưởng phòng', 'Hưng Yên', '774518619', '012065927', 'LukeLaplante@example.com', '6677653', 'TECH', 'Hoài Đức', 'Louie Bratcher', '2015-01-01 00:00:55', NULL, '2021-01-24 17:04:29', 1, 1),
('50253399-32d6-3154-5535-0028ed526dd0', 'NV-37398', 'Hồ Quỳnh Huy', '1989-02-15', 0, '17120d02-6ab5-3e43-18cb-66948daf6128', '683177969', '2019-02-04', 'Hà Nội', 'Thực tập sinh', 'Nghệ An', '612091953', '683177969', 'Napier@nowhere.com', '3554259', 'BIDV', 'Đan Phượng', 'Keith Correa', '2015-01-01 01:38:10', 'Adaline Bell', '2021-09-21 14:49:20', 0, NULL),
('506acf1e-5331-67a9-0d77-d9ebc53aac3d', 'NV-62848', 'Vũ Thu Thương', '1987-11-27', 1, '469b3ece-744a-45d5-957d-e8c757976496', '903019996', '2019-10-27', 'Hà Nội', 'Trưởng nhóm', 'Hà Nội', '798726724', '903019996', 'Schuler@example.com', '4254212', 'VCB', 'Hoài Đức', 'Cary Benitez', '2019-10-12 00:39:51', 'Adelaida Bergman', '2021-01-20 23:43:46', 0, 0),
('50c07587-55d5-5b36-1b77-d9ebc53aac3d', 'NV-23042', 'Hoàng Quỳnh Tài', '1977-07-10', 0, '4e272fc4-7875-78d6-7d32-6a1673ffca7c', '787392201', '2020-04-03', 'Hà Giang', 'Trưởng phòng', 'Hà Nam', '294214480', '787392201', 'Keith51@nowhere.com', '7113645', 'VCB', 'Đan Phượng', 'Hwa Beckman', '2015-01-01 00:27:32', 'Adela Haggard', '2018-03-31 23:02:35', 0, 0),
('5163ba6d-4e5a-4043-df1d-086412a8ea97', 'NV-37995', 'Vũ Thu Báo', '1994-01-20', 0, '17120d02-6ab5-3e43-18cb-66948daf6128', '277457350', '2021-12-16', 'Hà Giang', 'Nhân viên', 'Hà Nam', '201560492', '277457350', 'Derrick_Abreu@example.com', '2946584', 'TECH', 'Cầu Giấy', 'Newton Archuleta', '2015-05-21 17:20:31', 'Abel Helton', NULL, 0, NULL),
('517035f8-43a9-4c59-72f6-423b4e874d0f', 'NV-45116', 'Võ Xuân Hiền ', NULL, NULL, '4e272fc4-7875-78d6-7d32-6a1673ffca7c', '911106861', NULL, 'Hà Giang', NULL, NULL, '242295139', '911106861', NULL, '7200344', 'VCB', 'Cầu Giấy', 'Suzann Barry', NULL, NULL, '2018-01-01 00:00:03', NULL, NULL),
('51b5ac10-6dea-17ad-2080-de64d090a2c2', 'NV-34964', 'Đinh Thu Báo', '1983-09-17', 0, '4e272fc4-7875-78d6-7d32-6a1673ffca7c', '854132554', '2021-06-11', 'Hải Phòng', 'Trưởng nhóm', 'Hà Nội', '616889968', '854132554', 'Cowley951@example.com', '1140590', 'ACB', 'Hoài Đức', 'Aleta Abraham', '2020-01-06 06:37:03', 'Adelina Browne', '2021-04-21 18:04:38', 1, 1),
('51c6e7d3-53bf-49ae-8a41-c1ec321fe728', 'NV-39850', 'Phạm Đăng Nhung ', '1988-03-13', 0, '4e272fc4-7875-78d6-7d32-6a1673ffca7c', '666740505', '2021-07-27', 'Hà Nội', 'Fresher', 'Hưng Yên', '897503241', '666740505', 'Costello536@example.com', '7120879', 'ACB', 'Cầu Giấy', 'Breana Frey', '2015-02-09 07:02:10', 'Josue Mcdonnell', '2018-07-02 21:30:47', 0, 0),
('524751f2-1577-523d-ce1d-086412a8ea97', 'NV-50537', 'Trần Ngọc Anh Tuấn', '1995-04-29', 0, '17120d02-6ab5-3e43-18cb-66948daf6128', '796191056', '2019-03-26', 'Hà Nam', 'Thực tập sinh', 'Hải Phòng', '482379250', '796191056', 'Brinkman28@example.com', '8750103', 'ACB', 'Đan Phượng', 'Joeann Garcia', '2015-08-10 16:02:50', 'Clemmie Grove', '2018-01-01 00:00:06', 1, 1),
('527e293c-2185-6d0a-5580-7ed9d1ea06ea', 'NV-60083', 'Hoàng Đình Lan ', '1998-03-10', 0, '469b3ece-744a-45d5-957d-e8c757976496', '542191502', '2022-01-18', 'Hải Phòng', 'Thực tập sinh', 'Hà Nam', '006239513', '542191502', 'wmunrid4218@example.com', '5976228', 'TECH', 'Cầu Giấy', 'Teena Mintz', '2022-07-16 01:40:54', 'Cliff Merrick', '2020-03-28 08:42:29', 0, 1),
('52a36f9d-42d4-6841-38c2-579daad24557', 'NV-92410', 'Võ Duy Lan ', '1991-01-31', 0, '142cb08f-7c31-21fa-8e90-67245e8b283e', '933954000', '2019-09-05', 'Hà Nội', 'Thực tập sinh', 'Hà Nội', '244110053', '933954000', 'tsbgmdqr.tuqw@nowhere.com', '6900556', 'TECH', NULL, NULL, '2022-07-29 09:39:50', 'Ursula Manley', NULL, 1, NULL),
('535ddd98-1493-7909-1e80-de64d090a2c2', 'NV-07614', 'Trần Đình Hoa ', '1975-01-20', 1, '17120d02-6ab5-3e43-18cb-66948daf6128', '799308519', '2019-09-28', 'Hải Phòng', 'Thực tập sinh', 'Hải Phòng', '474531110', '799308519', 'AbdulSoto@example.com', '5413200', 'TECH', 'Đan Phượng', 'Clay Pinkston', '2016-04-24 23:28:13', 'Alexis Fagan', NULL, 0, NULL),
('53f68d51-267f-2d1e-8241-c1ec321fe728', 'NV-59230', 'Đỗ Quỳnh Tỉnh', '2002-12-21', 0, '4e272fc4-7875-78d6-7d32-6a1673ffca7c', '002492606', '2020-05-09', 'Nghệ An', 'Trưởng nhóm', 'Hưng Yên', '496021645', '002492606', 'pqjndav80@example.com', '3921372', 'TECH', 'Cầu Giấy', 'Chaya Amador', '2021-07-04 23:05:08', 'Adolfo Rangel', '2019-07-18 12:59:00', 0, 1),
('5440d89a-638d-5382-47c2-579daad24557', 'NV-26002', 'Đinh Quỳnh Tuấn', '1977-02-17', 1, '17120d02-6ab5-3e43-18cb-66948daf6128', '609516161', '2021-12-31', 'Hà Nam', 'Nhân viên', 'Hà Nội', '184156607', '609516161', 'MitzieMccann@nowhere.com', '5239152', 'TECH', 'Cầu Giấy', 'Jeanelle Abney', '2015-01-01 00:25:09', 'Adalberto Plunkett', '2022-08-25 21:23:33', 0, 1),
('56249d42-1aee-20b3-3fc2-579daad24557', 'NV-98325', 'Lý Quỳnh Minh', '1973-02-26', 1, '4e272fc4-7875-78d6-7d32-6a1673ffca7c', '187009292', '2021-12-06', 'Hà Nam', 'Fresher', 'Nghệ An', '675553652', '187009292', 'Santa.Ammons@nowhere.com', '8514607', 'ACB', 'Hoài Đức', 'Micah Creighton', '2015-01-01 00:00:57', 'Dorthea Keith', '2023-03-02 16:04:50', 1, 0),
('56313fc9-7b84-1517-3080-de64d090a2c2', 'NV-73502', 'Vũ Ngọc Hải Anh', '1980-07-11', 0, '142cb08f-7c31-21fa-8e90-67245e8b283e', '654599089', '2019-03-26', 'Hà Giang', 'Nhân viên', 'Hà Nội', '257459111', '654599089', 'Ying.Bell234@example.com', '6087737', 'TECH', 'Đan Phượng', 'Reid Acker', '2022-06-23 22:39:13', 'Romeo Herrick', '2021-01-10 20:13:50', 0, 0),
('564127b8-58f3-46f3-7df6-423b4e874d0f', 'NV-72888', 'Nguyễn Ánh Long', NULL, NULL, '4e272fc4-7875-78d6-7d32-6a1673ffca7c', '150079439', NULL, 'Hưng Yên', NULL, NULL, '339797626', '150079439', NULL, '8106962', 'TECH', 'Hoài Đức', 'Aldo Angulo', NULL, 'Shaniqua Bankston', '2020-06-22 21:35:46', NULL, NULL),
('565c3832-2fbc-2ad0-4735-0028ed526dd0', 'NV-63378', 'Lý Quỳnh Tỉnh', NULL, NULL, '469b3ece-744a-45d5-957d-e8c757976496', '131703302', NULL, 'Hà Nam', NULL, NULL, '355616261', '131703302', NULL, '2777748', 'VCB', 'Cầu Giấy', 'Karl Bullock', NULL, 'Drew Geer', '2021-07-06 17:02:50', NULL, 0),
('5697b103-5179-7ac3-d31d-086412a8ea97', 'NV-63655', 'Đỗ Văn Như ', '1992-06-19', 0, '469b3ece-744a-45d5-957d-e8c757976496', '256416799', '2020-07-24', 'Nghệ An', 'Thực tập sinh', 'Hà Nội', '376244545', '256416799', 'DeanaAgee@example.com', '5696150', 'BIDV', 'Hoài Đức', 'Marni Woodson', '2016-02-02 07:50:44', NULL, NULL, 0, NULL),
('56aaf263-3355-23ea-b8d2-89b22d10517e', 'NV-51563', 'Đinh Đình Lan ', '1973-04-10', 0, '4e272fc4-7875-78d6-7d32-6a1673ffca7c', '314995965', '2021-10-13', 'Hưng Yên', 'Trưởng phòng', 'Hà Nam', '673215194', '314995965', 'Adela_Alley61@example.com', '2339753', 'BIDV', 'Đan Phượng', 'Adam Thames', '2018-10-03 17:18:50', 'Agueda Camp', NULL, 0, NULL),
('56dce332-76f0-6b9b-5080-7ed9d1ea06ea', 'NV-91335', 'Mạc Ánh Tuấn', '1973-12-29', 2, '17120d02-6ab5-3e43-18cb-66948daf6128', '356780897', '2022-01-29', 'Hà Nội', 'Thực tập sinh', 'Hải Phòng', '078495834', '356780897', 'Salley69@nowhere.com', '2582214', 'ACB', 'Cầu Giấy', 'Tory Olson', '2015-03-29 01:55:48', NULL, '2018-08-16 19:53:40', 1, 0),
('57cdf8c4-47e3-5560-7e41-c1ec321fe728', 'NV-24852', 'Lý Xuân Ánh ', NULL, NULL, '142cb08f-7c31-21fa-8e90-67245e8b283e', '271802467', NULL, 'Hà Nội', NULL, NULL, '852432378', '271802467', NULL, '0595747', 'BIDV', 'Hoài Đức', 'Kennith Carswell', NULL, 'Albert Mclean', '2022-09-27 10:20:40', NULL, 0),
('57d4e925-6e28-208d-9741-c1ec321fe728', 'NV-48034', 'Vũ Văn Hà ', NULL, NULL, '469b3ece-744a-45d5-957d-e8c757976496', '487210742', NULL, 'Hà Nội', NULL, NULL, '303750668', '487210742', NULL, '3139561', 'ACB', 'Cầu Giấy', 'Forest Owens', NULL, NULL, '2022-12-20 02:03:55', NULL, 0),
('57dc4273-5c51-4aea-4d35-0028ed526dd0', 'NV-00725', 'Nguyễn Ánh Thương', '1975-05-04', 0, '469b3ece-744a-45d5-957d-e8c757976496', '681445155', '2019-05-29', 'Hà Nội', 'Trưởng nhóm', 'Nghệ An', '754204481', '681445155', 'HopperN@nowhere.com', '2389301', 'TECH', 'Hoài Đức', 'Duane Abernathy', '2015-01-01 00:14:14', 'Lucie Whaley', NULL, 1, NULL),
('57e65423-37f0-74b0-71f6-423b4e874d0f', 'NV-32311', 'Đỗ Duy Vy ', '1994-07-26', 0, '17120d02-6ab5-3e43-18cb-66948daf6128', '374367468', '2019-12-28', 'Hà Giang', 'Trưởng phòng', 'Hải Phòng', '144694603', '374367468', 'jrhjvj2@nowhere.com', '6176718', 'BIDV', 'Cầu Giấy', 'Dwayne Allen', '2020-08-09 15:42:16', 'Dewey Morrell', '2023-06-01 17:23:42', 0, 1),
('58afd6b5-2205-64f6-9341-c1ec321fe728', 'NV-32472', 'Võ Ánh Việt Anh', '1999-06-04', 2, '4e272fc4-7875-78d6-7d32-6a1673ffca7c', '980509690', '2020-09-22', 'Hải Phòng', 'Nhân viên', 'Hà Nam', '017277472', '980509690', 'Bernice_Card@example.com', '0342399', 'TECH', 'Hoài Đức', 'Marion Douglass', '2020-04-29 23:16:49', 'Concha Rauch', '2020-07-07 04:57:48', 1, 0),
('58e49fff-2a42-4ce7-1c77-d9ebc53aac3d', 'NV-01631', 'Phạm Văn Ánh ', '1992-02-19', 0, '469b3ece-744a-45d5-957d-e8c757976496', '803864364', '2020-08-01', 'Hà Nam', 'Fresher', 'Hà Nam', '975596078', '803864364', 'kcrx1294@nowhere.com', '8886776', 'ACB', 'Hoài Đức', 'Deandra Acevedo', '2016-10-14 10:20:56', 'Olen Frey', '2021-12-25 17:45:41', 1, 1),
('592aba45-4643-52ff-c1d2-89b22d10517e', 'NV-17544', 'Võ Thị Thịnh', '1976-04-04', 2, '469b3ece-744a-45d5-957d-e8c757976496', '097219953', '2021-06-07', 'Hưng Yên', 'Fresher', 'Hà Nam', '518534068', '097219953', 'ourbk6238@nowhere.com', '3548989', 'BIDV', 'Hoài Đức', 'Craig Moulton', '2018-04-22 00:15:26', NULL, '2018-01-01 00:00:45', 1, NULL),
('5957cf32-7c84-1987-1635-60b3ebf808a9', 'NV-25592', 'Dương Ánh Cường', NULL, NULL, '4e272fc4-7875-78d6-7d32-6a1673ffca7c', '028117195', NULL, 'Hà Giang', NULL, NULL, '724353186', '028117195', NULL, '8340765', 'ACB', 'Hoài Đức', 'Warren Wagoner', NULL, 'Kiley Wicks', '2020-07-02 07:35:07', NULL, NULL),
('595e7d51-318c-39e8-1377-d9ebc53aac3d', 'NV-88652', 'Trần Duy Giang ', '1978-04-09', 1, '4e272fc4-7875-78d6-7d32-6a1673ffca7c', '232520605', '2020-12-02', NULL, 'Nhân viên', 'Hà Nam', '473002578', '232520605', 'Chasidy.Nye82@example.com', '0303084', 'TECH', 'Đan Phượng', 'Sanford Abbott', '2022-04-28 14:24:11', NULL, '2018-10-08 09:41:04', 0, 1),
('59a2f614-253e-1202-6480-7ed9d1ea06ea', 'NV-60847', 'Đỗ Ánh Đông', '1979-03-14', 1, '469b3ece-744a-45d5-957d-e8c757976496', '641749260', '2020-12-01', 'Hà Nội', 'Trưởng nhóm', 'Hải Phòng', '438148078', '641749260', 'Durr@example.com', '0348154', 'VCB', 'Cầu Giấy', 'Dante Poindexter', '2016-04-03 15:26:15', 'Amado Hanks', NULL, 1, NULL),
('5a841b92-791c-78df-5180-7ed9d1ea06ea', 'NV-99448', 'Đỗ Duy Duyên ', '1973-01-12', 0, '4e272fc4-7875-78d6-7d32-6a1673ffca7c', '407771828', '2022-05-22', 'Hà Nam', 'Thực tập sinh', 'Hà Nam', '148215800', '407771828', 'Barron@nowhere.com', '1115156', 'VCB', 'Hoài Đức', 'Alysa Harrell', '2015-01-01 00:00:12', 'Vita Morrissey', NULL, 0, NULL),
('5b92dd14-27d6-12d0-0e35-60b3ebf808a9', 'NV-46642', 'Lý Quỳnh Tỉnh', '1990-08-25', 1, '4e272fc4-7875-78d6-7d32-6a1673ffca7c', '228645503', '2021-02-04', 'Nghệ An', 'Fresher', 'Hưng Yên', '860197148', '228645503', 'Holloway1@example.com', '6853426', 'VCB', 'Hoài Đức', 'Issac Brent', '2022-08-16 18:27:16', 'Adriene Freund', '2020-06-22 23:11:26', 0, 0),
('5c762b70-6ca3-4343-2880-de64d090a2c2', 'NV-17534', 'Đinh Thị Tiến', '1973-01-04', 0, '469b3ece-744a-45d5-957d-e8c757976496', '092816583', '2019-04-17', 'Hà Nội', 'Thực tập sinh', 'Hà Giang', '629127579', '092816583', 'Aldo_Halcomb@example.com', '1257960', 'VCB', 'Cầu Giấy', 'Floyd Bonds', '2015-01-01 00:00:04', NULL, '2021-04-26 17:05:33', 0, 1),
('5c7f0ec4-77f2-3794-cf1d-086412a8ea97', 'NV-34078', 'Hồ Đình Lan ', '2001-06-01', 1, '17120d02-6ab5-3e43-18cb-66948daf6128', '367754566', '2021-11-29', 'Hà Nội', 'Trưởng nhóm', 'Hưng Yên', '481676819', '367754566', 'JeraldAbraham529@example.com', '6640815', 'BIDV', 'Đan Phượng', 'Stevie Durham', '2017-04-19 21:55:18', 'Duncan Sisco', '2018-01-01 00:08:32', 1, 0),
('5dc832b0-169a-1395-37c2-579daad24557', 'NV-97554', 'Đinh Thu Báo', '1973-01-07', 0, '469b3ece-744a-45d5-957d-e8c757976496', '235092539', '2021-10-20', NULL, 'Fresher', 'Nghệ An', '351402262', '235092539', 'Pressley@example.com', '1362742', 'VCB', 'Đan Phượng', 'Hugh Angulo', '2015-01-01 00:00:07', NULL, '2020-08-19 14:20:18', 1, 0),
('5de704c2-573f-1a71-1a80-de64d090a2c2', 'NV-95834', 'Mạc Quỳnh Tiến', NULL, NULL, '469b3ece-744a-45d5-957d-e8c757976496', '940242754', NULL, NULL, NULL, NULL, '655501700', '940242754', NULL, '0668634', 'ACB', 'Cầu Giấy', 'Joshua Villasenor', NULL, NULL, NULL, NULL, NULL),
('5e07660f-437a-6b63-4ac2-579daad24557', 'NV-03908', 'Đinh Ngọc Dương', '1981-12-26', 0, '142cb08f-7c31-21fa-8e90-67245e8b283e', '340311291', '2019-04-22', 'Hải Phòng', 'Trưởng phòng', 'Hà Nội', '249201741', '340311291', 'Amador1@example.com', '6481464', 'BIDV', 'Hoài Đức', 'Adrian Land', '2020-06-19 07:04:09', NULL, '2019-02-27 23:58:45', 0, 1),
('5eaa6527-768d-3ae7-1977-d9ebc53aac3d', 'NV-73385', 'Đỗ Thị Dương', '1997-08-07', 0, '469b3ece-744a-45d5-957d-e8c757976496', '135882468', '2021-12-11', 'Hà Giang', 'Fresher', 'Hà Giang', '274762877', '135882468', 'tegaafuz6022@example.com', '3055739', 'ACB', 'Hoài Đức', 'Johnson Adair', '2018-07-06 01:49:53', 'Shaunda Escalante', '2018-01-01 00:01:24', 1, 1),
('5edb2be2-7849-4909-c2d2-89b22d10517e', 'NV-90001', 'Vũ Duy Như ', '1996-03-25', 1, '469b3ece-744a-45d5-957d-e8c757976496', '666122742', '2019-04-02', 'Hà Nam', 'Trưởng nhóm', 'Nghệ An', '015809528', '666122742', 'gczp6186@example.com', '5558505', 'VCB', 'Cầu Giấy', 'Velma Hackney', '2019-05-16 04:23:18', 'Abel Self', NULL, 0, NULL),
('5f03d745-7702-1c85-2bc2-579daad24557', 'NV-23066', 'Đỗ Ngọc Hải Anh', '1983-10-24', 1, '469b3ece-744a-45d5-957d-e8c757976496', '603470947', '2020-08-10', 'Hà Nam', 'Trưởng nhóm', 'Hải Phòng', '052673737', '603470947', 'JerroldSAkins@example.com', '7242668', 'ACB', 'Đan Phượng', 'Toney Paradis', '2019-12-22 11:32:29', 'Joye Ryder', '2018-01-01 01:37:34', 0, 0),
('5f4b1d0a-247b-7049-4435-0028ed526dd0', 'NV-59011', 'Trần Ngọc Minh', '1985-12-26', 1, '142cb08f-7c31-21fa-8e90-67245e8b283e', '010243441', '2020-06-30', 'Hà Giang', 'Nhân viên', 'Hà Nam', '569377868', '010243441', 'Wyatt.Gallegos4@example.com', '4385725', 'BIDV', 'Đan Phượng', 'Chana Talley', '2016-09-01 23:19:54', 'Corrie Brice', '2019-07-24 11:24:20', 1, 1),
('5fb9392a-4ad5-1fe7-76f6-423b4e874d0f', 'NV-41156', 'Hồ Đăng Mai ', '1980-08-16', 1, '4e272fc4-7875-78d6-7d32-6a1673ffca7c', '444986726', '2019-03-11', NULL, 'Trưởng phòng', 'Hà Nam', '308403959', '444986726', 'ArmindaBurkett986@example.com', '8258258', 'ACB', 'Cầu Giấy', 'Carter Alcorn', '2018-12-07 02:44:01', NULL, NULL, 0, NULL),
('5fd0a411-5945-70f7-4a35-0028ed526dd0', 'NV-31368', 'Đinh Đình Hiền ', '2000-06-23', 1, '4e272fc4-7875-78d6-7d32-6a1673ffca7c', '594650881', '2022-06-09', 'Hà Nội', 'Thực tập sinh', 'Hải Phòng', '822353827', '594650881', 'Malik_Arellano217@nowhere.com', '2186265', 'ACB', NULL, NULL, '2018-01-21 14:15:43', 'Emil Sumner', NULL, 0, NULL),
('60fa924e-77de-55f3-2377-d9ebc53aac3d', 'NV-29975', 'Đỗ Đình Anh ', '1993-01-31', 1, '142cb08f-7c31-21fa-8e90-67245e8b283e', '445977780', '2019-01-06', NULL, 'Nhân viên', 'Hưng Yên', '816565662', '445977780', 'RivaStanford@example.com', '2704673', 'BIDV', NULL, NULL, '2015-02-28 15:16:11', NULL, NULL, 1, NULL),
('613afd47-2fc1-15ed-0735-60b3ebf808a9', 'NV-81804', 'Hồ Thị Việt', '1973-01-08', 2, '17120d02-6ab5-3e43-18cb-66948daf6128', '465098801', '2019-02-17', 'Hà Nội', 'Fresher', 'Hà Nam', '265871959', '465098801', 'Winkler51@nowhere.com', '6148976', 'BIDV', NULL, NULL, '2015-01-01 00:00:08', 'August Solano', NULL, 1, NULL),
('619ecbc4-37bc-19ea-6ff6-423b4e874d0f', 'NV-15405', 'Võ Ánh Hải Anh', '1987-06-19', 1, '469b3ece-744a-45d5-957d-e8c757976496', '908295681', '2019-05-05', 'Nghệ An', 'Trưởng phòng', 'Hà Nội', '271276389', '908295681', 'Seth_T_Acker@example.com', '6683636', 'ACB', 'Cầu Giấy', 'Jong Dancy', '2021-06-22 23:58:00', NULL, '2021-05-10 04:45:44', 1, 0),
('61cc168f-3524-218a-2b80-de64d090a2c2', 'NV-85303', 'Võ Ánh Cường', '1992-06-09', 1, '17120d02-6ab5-3e43-18cb-66948daf6128', '076288367', '2019-02-27', NULL, 'Nhân viên', 'Hải Phòng', '120426153', '076288367', 'Hassan.Acevedo@nowhere.com', '2979123', 'VCB', NULL, NULL, '2018-05-25 01:22:35', NULL, NULL, 1, NULL),
('623727c0-4fb7-573d-c3d2-89b22d10517e', 'NV-17327', 'Đỗ Quỳnh Tài', NULL, NULL, '17120d02-6ab5-3e43-18cb-66948daf6128', '274760039', NULL, 'Hải Phòng', NULL, NULL, '773678385', '274760039', NULL, '6633348', 'VCB', 'Hoài Đức', 'Laine Winston', NULL, 'Darryl Julian', NULL, NULL, NULL),
('62563348-7bd5-6519-3c35-0028ed526dd0', 'NV-81826', 'Dương Quỳnh Hào', '1991-08-13', 2, '17120d02-6ab5-3e43-18cb-66948daf6128', '909328648', '2021-10-27', 'Hà Nội', 'Nhân viên', 'Hải Phòng', '339854530', '909328648', 'Zenobia.Brunson@example.com', '4179842', 'BIDV', 'Hoài Đức', 'Dia Casteel', '2018-06-30 09:28:50', 'Alease Perales', '2021-08-11 10:48:59', 1, 1),
('62af2231-78a7-7caa-cd1d-086412a8ea97', 'NV-02367', 'Phạm Xuân Ly ', '1974-04-22', 1, '4e272fc4-7875-78d6-7d32-6a1673ffca7c', '324945399', '2020-06-28', 'Hà Nội', 'Thực tập sinh', 'Hải Phòng', '089908240', '324945399', 'Kirk.HKoehler@nowhere.com', '8507653', 'TECH', 'Hoài Đức', 'Addie Tyner', '2018-03-20 13:20:12', 'Leonora Houser', '2018-01-01 00:04:54', 0, 1),
('6349b25b-78e2-2d06-2780-de64d090a2c2', 'NV-86976', 'Hồ Đăng Mai ', '1980-06-25', 2, '4e272fc4-7875-78d6-7d32-6a1673ffca7c', '784782699', '2019-11-07', 'Hà Nội', 'Nhân viên', 'Nghệ An', '686667462', '784782699', 'AndreasPatel65@example.com', '6832151', 'VCB', 'Hoài Đức', 'Loren Dennison', '2015-01-01 00:45:33', 'Mitchell Buckley', '2023-05-05 08:03:08', 0, NULL),
('6385cdf4-650b-6946-7cf6-423b4e874d0f', 'NV-30021', 'Nguyễn Duy Anh ', '1973-03-16', 1, '4e272fc4-7875-78d6-7d32-6a1673ffca7c', '368471644', '2019-05-02', 'Hà Nam', 'Nhân viên', 'Hưng Yên', '980105963', '368471644', 'Arellano188@nowhere.com', '5273994', 'VCB', NULL, NULL, '2015-01-01 00:01:15', 'Chung Read', NULL, 0, NULL),
('6399a2a5-2afd-3384-da1d-086412a8ea97', 'NV-71380', 'Hồ Đình Giang ', '1973-04-01', 2, '17120d02-6ab5-3e43-18cb-66948daf6128', '572946907', '2019-09-10', 'Hải Phòng', 'Trưởng nhóm', 'Nghệ An', '522731982', '572946907', 'Engel718@nowhere.com', '3371862', 'BIDV', 'Hoài Đức', 'Ryan Mcclendon', '2015-01-01 00:01:31', 'Alvin Jay', '2019-10-04 19:05:07', 0, 0),
('63bcf528-48d2-4f46-9e69-43e1c2d4afe6', 'NV-99454', 'Trần Ánh Thương', '1983-04-19', 0, '469b3ece-744a-45d5-957d-e8c757976496', '537791987', '2020-02-13', 'Hà Giang', 'Nhân viên', 'Hà Nội', '690728297', '537791987', 'Dollar@nowhere.com', '0948566', 'TECH', 'Đan Phượng', NULL, '2023-07-14 20:17:53', NULL, NULL, 1, 1),
('6485b64f-7835-65a4-8041-c1ec321fe728', 'NV-75692', 'Lý Quỳnh Chiến', '1986-06-13', 0, '469b3ece-744a-45d5-957d-e8c757976496', '069296064', '2020-05-20', NULL, 'Trưởng phòng', 'Hà Nội', '813398738', '069296064', 'aweyzjpd3111@example.com', '6137355', 'VCB', 'Cầu Giấy', 'Cody Feliciano', '2017-08-07 07:00:04', NULL, '2022-08-28 16:17:46', 0, NULL),
('65334c99-4eec-773c-2c77-d9ebc53aac3d', 'NV-73936', 'Võ Quỳnh Hiếu', '1995-03-11', 2, '142cb08f-7c31-21fa-8e90-67245e8b283e', '514887355', '2019-12-11', 'Nghệ An', 'Nhân viên', 'Hải Phòng', '525234880', '514887355', 'kgltwkyb_kcstdr@nowhere.com', '8334704', 'VCB', 'Hoài Đức', 'Andrea Agee', '2016-06-16 09:51:16', 'Cheyenne Grissom', NULL, 0, NULL),
('65ecf5c2-5298-156e-d51d-086412a8ea97', 'NV-60381', 'Lê Đình Ánh ', '1986-07-10', 1, '17120d02-6ab5-3e43-18cb-66948daf6128', '026402484', '2020-03-28', 'Hưng Yên', 'Thực tập sinh', 'Hưng Yên', '082707775', '026402484', 'Staley@nowhere.com', '1837776', 'TECH', 'Cầu Giấy', 'Eloy Negron', '2018-01-10 04:58:31', 'Bryon Vigil', '2020-09-25 03:03:25', 0, 0),
('66ef0b11-1892-1443-1877-d9ebc53aac3d', 'NV-48812', 'Lý Duy Hà ', '1999-01-27', 1, '17120d02-6ab5-3e43-18cb-66948daf6128', '748004627', '2021-09-03', 'Nghệ An', 'Trưởng phòng', 'Hà Giang', '682252738', '748004627', 'Cleveland_Hildreth@nowhere.com', '0349689', 'ACB', 'Đan Phượng', 'Columbus Ackerman', '2015-05-15 19:06:42', 'Barb Egan', '2018-12-19 19:25:46', 0, 0),
('677132b4-2a33-68d1-26c2-579daad24557', 'NV-29604', 'Nguyễn Quỳnh Thịnh', '1987-10-04', 0, '4e272fc4-7875-78d6-7d32-6a1673ffca7c', '513439121', '2019-01-21', 'Nghệ An', 'Fresher', 'Hà Nam', '385499298', '513439121', 'Sanford549@nowhere.com', '2383127', 'BIDV', 'Cầu Giấy', 'Erasmo Joe', '2015-06-10 08:33:35', 'Edgar Adler', '2019-10-20 22:04:50', 1, 1),
('67e3818b-56b7-4eb0-5c80-7ed9d1ea06ea', 'NV-17455', 'Hồ Đăng Anh ', '1977-02-07', 1, '4e272fc4-7875-78d6-7d32-6a1673ffca7c', '195903073', '2021-01-16', 'Hà Giang', 'Fresher', 'Hà Giang', '960847781', '195903073', 'Nathaniel.Hannon@example.com', '9678927', 'BIDV', 'Hoài Đức', 'Latricia Aquino', '2019-06-11 23:29:49', 'Alfonso Macklin', NULL, 0, NULL),
('68c6083a-3e64-63ed-49c2-579daad24557', 'NV-84992', 'Hoàng Đình Lan Anh ', '1973-02-04', 0, '17120d02-6ab5-3e43-18cb-66948daf6128', '756496927', '2019-09-25', 'Hà Giang', 'Nhân viên', 'Hà Giang', '304158828', '756496927', 'Loper357@example.com', '1062665', 'ACB', 'Cầu Giấy', 'Kristi Andrew', '2015-01-01 00:00:35', NULL, '2019-06-16 08:11:31', 0, 1),
('6a763a51-4322-5c5a-b5d2-89b22d10517e', 'NV-65554', 'Mạc Ánh Đông', '1977-03-16', 2, '4e272fc4-7875-78d6-7d32-6a1673ffca7c', '540813856', '2022-06-13', 'Hà Giang', 'Trưởng nhóm', 'Hà Giang', '380123860', '540813856', 'ElmerFoley@example.com', '9570405', 'BIDV', 'Cầu Giấy', 'Glynis Battle', '2020-08-21 15:53:13', 'Vance Blaine', '2019-10-10 10:01:28', 0, 0),
('6b003232-3bbd-7f5b-2f77-d9ebc53aac3d', 'NV-59445', 'Vũ Đình Nhung ', '1998-12-24', 1, '142cb08f-7c31-21fa-8e90-67245e8b283e', '815433678', '2021-11-26', 'Hà Giang', 'Fresher', 'Hải Phòng', '867021014', '815433678', 'LizetteVinson@example.com', '4866687', 'TECH', 'Cầu Giấy', 'Addie Knudson', '2016-10-20 14:18:16', 'Tawanda Swain', '2021-12-13 09:42:52', 0, 1),
('6b12b154-39d3-1a5b-2280-de64d090a2c2', 'NV-00792', 'Võ Ánh Tuấn', '1973-01-22', 1, '4e272fc4-7875-78d6-7d32-6a1673ffca7c', '325187322', '2019-08-20', 'Nghệ An', 'Fresher', 'Hưng Yên', '980483909', '325187322', 'StaciaMcneal@example.com', '4799142', 'VCB', 'Cầu Giấy', 'Chiquita Downs', '2015-01-01 00:00:22', 'Carissa Becerra', '2022-03-22 02:37:50', 1, 1),
('6b3600cd-500f-4faf-5035-0028ed526dd0', 'NV-21310', 'Dương Đăng Giang ', '1986-07-25', 2, '142cb08f-7c31-21fa-8e90-67245e8b283e', '970682828', '2020-09-12', 'Hà Nam', 'Trưởng nhóm', 'Hà Giang', '849792182', '970682828', 'DavidaStowe16@example.com', '2187144', 'BIDV', 'Đan Phượng', 'Derrick Nicholas', '2015-05-01 21:13:20', 'Ricardo East', '2019-01-13 15:59:50', 1, 1),
('6b45cb9f-6de5-7a17-2d77-d9ebc53aac3d', 'NV-89230', 'Lê Thu Việt', '1973-01-29', 2, '142cb08f-7c31-21fa-8e90-67245e8b283e', '872249614', '2020-03-01', 'Nghệ An', 'Nhân viên', 'Hà Giang', '648112109', '872249614', 'Coley@nowhere.com', '8154237', 'TECH', 'Hoài Đức', 'Clyde Suarez', '2015-01-01 00:00:29', 'Shirl Abreu', '2021-10-30 14:51:52', 0, 1),
('6b76d607-7d60-38a2-5680-7ed9d1ea06ea', 'NV-46329', 'Đinh Đăng Hà ', '2000-11-24', 1, '4e272fc4-7875-78d6-7d32-6a1673ffca7c', '946948314', '2020-07-24', 'Hà Giang', 'Trưởng nhóm', 'Hà Nội', '487140778', '946948314', 'Cash@example.com', '0165853', 'BIDV', NULL, NULL, '2018-11-15 08:41:47', 'Kent Adame', NULL, 0, NULL),
('6bb2a723-7c18-1df2-0b35-60b3ebf808a9', 'NV-41065', 'Đinh Ánh Chiến', '1973-02-10', 0, '17120d02-6ab5-3e43-18cb-66948daf6128', '414342019', '2019-07-08', 'Hải Phòng', 'Trưởng nhóm', 'Hưng Yên', '191637431', '414342019', 'qmkigm6667@nowhere.com', '7652888', 'ACB', 'Đan Phượng', 'Arnetta Abernathy', '2015-01-01 00:00:41', 'Mohamed Abel', NULL, 0, NULL),
('6c5b9fe7-14c9-3bb5-b4d2-89b22d10517e', 'NV-97950', 'Trần Văn Hà ', '1973-01-07', 2, '142cb08f-7c31-21fa-8e90-67245e8b283e', '337066046', '2019-09-27', 'Nghệ An', 'Trưởng nhóm', 'Hà Nam', '558537324', '337066046', 'Sima_Call6@example.com', '0938660', 'TECH', NULL, NULL, '2015-01-01 00:00:07', 'Almeta Bowling', NULL, 0, NULL),
('6c80a684-1cb5-41af-ff34-60b3ebf808a9', 'NV-26972', 'Mạc Văn Như ', '1986-01-15', 0, '4e272fc4-7875-78d6-7d32-6a1673ffca7c', '161436750', '2020-08-15', 'Nghệ An', 'Thực tập sinh', 'Hưng Yên', '206225549', '161436750', 'ZapataF@example.com', '6120733', 'VCB', 'Cầu Giấy', 'Kathyrn Beatty', '2015-01-01 01:19:23', 'Abram Patten', '2018-07-30 13:29:51', 0, 0),
('6d489b13-7396-7986-1577-d9ebc53aac3d', 'NV-92040', 'Nguyễn Đăng Hà ', '1993-05-05', 0, '142cb08f-7c31-21fa-8e90-67245e8b283e', '685040771', '2021-10-09', 'Hà Nội', 'Nhân viên', 'Nghệ An', '495426456', '685040771', 'Julie_Ackerman45@nowhere.com', '2929315', 'BIDV', 'Cầu Giấy', 'Denyse Ma', '2021-05-07 10:57:17', 'Jamika Mendez', NULL, 0, NULL),
('6d7def1b-4b7e-52aa-8f41-c1ec321fe728', 'NV-30877', 'Lê Đình Ánh ', '1986-06-20', 2, '142cb08f-7c31-21fa-8e90-67245e8b283e', '290846158', '2019-01-09', NULL, 'Trưởng nhóm', 'Nghệ An', '729813897', '290846158', 'Angie_Chu6@example.com', '6132284', 'ACB', 'Hoài Đức', 'Blake Yoder', '2015-10-05 21:10:02', NULL, NULL, 0, NULL),
('6dcdb6b6-273a-6aaa-8541-c1ec321fe728', 'NV-17246', 'Hồ Thu Thịnh', '1992-11-16', 1, '4e272fc4-7875-78d6-7d32-6a1673ffca7c', '484654771', '2019-12-04', NULL, 'Nhân viên', 'Hà Nội', '894477542', '484654771', 'RomeoDorris17@example.com', '0438291', 'TECH', 'Đan Phượng', 'Denita Teal', '2017-10-13 04:28:55', NULL, '2018-01-01 00:15:57', 0, 0),
('6e3f7a8c-2f78-16a9-36c2-579daad24557', 'NV-83245', 'Hồ Ánh Long', '1994-09-15', 0, '142cb08f-7c31-21fa-8e90-67245e8b283e', '591497759', '2019-10-28', 'Hưng Yên', 'Trưởng phòng', 'Hà Nam', '545397578', '591497759', 'Chana.Siegel@example.com', '0372919', 'ACB', NULL, NULL, '2016-06-09 22:54:22', NULL, NULL, 0, NULL),
('6e60b234-643f-288e-7ff6-423b4e874d0f', 'NV-52313', 'Võ Ngọc Việt', '1997-10-12', 1, '4e272fc4-7875-78d6-7d32-6a1673ffca7c', '504113914', '2019-01-07', 'Hưng Yên', 'Fresher', 'Hưng Yên', '923604671', '504113914', 'Coward@nowhere.com', '4359075', 'BIDV', 'Cầu Giấy', 'Abel Shively', '2019-01-18 03:19:06', NULL, '2021-01-08 13:17:01', 1, 0),
('6f1014db-2ff0-613b-bdd2-89b22d10517e', 'NV-75921', 'Lê Đình Lan Anh ', '2001-11-25', 0, '142cb08f-7c31-21fa-8e90-67245e8b283e', '370444016', '2021-08-31', 'Hà Nam', 'Thực tập sinh', 'Hà Nam', '572361311', '370444016', 'Bernardo_Nance35@example.com', '7430804', 'VCB', 'Hoài Đức', 'Lara Moran', '2016-03-18 17:26:50', 'Christeen Acker', '2019-04-04 16:55:50', 0, 0),
('6f51ea57-13b2-139f-1177-d9ebc53aac3d', 'NV-89828', 'Hoàng Thu Thắng', '1975-11-06', 1, '17120d02-6ab5-3e43-18cb-66948daf6128', '628525294', '2022-03-14', 'Hà Nam', 'Trưởng nhóm', 'Hà Nam', '106354494', '628525294', 'rvxkhcgk5666@example.com', '6214051', 'ACB', 'Cầu Giấy', 'Bennie Broussard', '2017-11-15 23:52:27', 'Abe Tibbs', '2022-03-16 17:08:05', 0, 0),
('707e1336-6584-55de-8341-c1ec321fe728', 'NV-83415', 'Lê Xuân Vy ', '1980-11-15', 0, '4e272fc4-7875-78d6-7d32-6a1673ffca7c', '459745631', '2020-06-10', 'Hà Nội', 'Nhân viên', 'Nghệ An', '073634107', '459745631', 'Shila.Darnell546@example.com', '1885532', 'BIDV', 'Hoài Đức', 'Michel Beale', '2021-11-24 14:45:38', NULL, '2018-10-12 05:30:07', 0, 0),
('70aead00-2db5-77f7-2277-d9ebc53aac3d', 'NV-67462', 'Võ Văn Ly ', '1978-07-02', 2, '142cb08f-7c31-21fa-8e90-67245e8b283e', '285724157', '2019-03-17', 'Hà Giang', 'Thực tập sinh', 'Nghệ An', '580741447', '285724157', 'Dedra.Laws888@nowhere.com', '7016389', 'ACB', 'Hoài Đức', 'Esther Bennett', '2020-09-25 22:26:03', 'Carlyn Abel', NULL, 0, NULL),
('721b7460-7378-2203-0435-60b3ebf808a9', 'NV-24539', 'Lý Đăng Mai ', '1985-02-04', 1, '4e272fc4-7875-78d6-7d32-6a1673ffca7c', '680720510', '2020-02-18', 'Hưng Yên', 'Thực tập sinh', 'Hà Nam', '672988417', '680720510', 'GreggGaskin@example.com', '3103999', 'BIDV', NULL, NULL, '2016-07-09 13:31:09', 'Buford Durden', NULL, 0, NULL),
('72fe5819-3c8c-3651-cad2-89b22d10517e', 'NV-54204', 'Nguyễn Văn Anh ', '1973-01-07', 2, '17120d02-6ab5-3e43-18cb-66948daf6128', '872867076', '2021-09-03', 'Nghệ An', 'Trưởng nhóm', 'Hà Giang', '254859307', '872867076', 'Klein83@example.com', '1456579', 'ACB', 'Đan Phượng', 'Leland Matthew', '2015-01-01 00:00:07', NULL, '2023-01-08 05:50:15', 1, 1),
('75ec2fe2-5965-48e6-9141-c1ec321fe728', 'NV-58058', 'Đinh Quỳnh Quyền', '1976-11-21', 1, '17120d02-6ab5-3e43-18cb-66948daf6128', '604575348', '2019-01-08', 'Hà Nội', 'Fresher', 'Hà Nam', '948149838', '604575348', 'Tolbert@example.com', '0323019', 'VCB', 'Đan Phượng', 'Darron Camp', '2016-02-23 05:40:23', 'Crysta Leyva', NULL, 1, NULL),
('7649b7c1-509e-4f94-6580-7ed9d1ea06ea', 'NV-22915', 'Trần Đăng Hường ', '1975-01-23', 1, '17120d02-6ab5-3e43-18cb-66948daf6128', '848868127', '2019-11-08', 'Hà Nam', 'Trưởng phòng', 'Hải Phòng', '040638370', '848868127', 'TifanyAbreu@example.com', '1710435', 'VCB', 'Hoài Đức', 'Adolfo Anders', '2015-01-01 00:12:33', 'Timothy Pierson', '2021-05-26 23:35:56', 0, 1),
('76b3b772-27f3-37bf-75f6-423b4e874d0f', 'NV-58360', 'Đỗ Văn Hà ', '1975-11-28', 1, '4e272fc4-7875-78d6-7d32-6a1673ffca7c', '542233688', '2019-01-10', 'Hải Phòng', 'Trưởng nhóm', 'Hưng Yên', '952972307', '542233688', 'Meyer@example.com', '2231124', 'TECH', 'Hoài Đức', 'Franklin Aiello', '2021-04-11 20:13:04', 'Natasha Cuellar', '2018-01-01 00:00:09', 1, 1),
('77d03350-6ba4-226c-77f6-423b4e874d0f', 'NV-13351', 'Đinh Đình Ly ', '1981-03-03', 2, '142cb08f-7c31-21fa-8e90-67245e8b283e', '358601375', '2022-01-27', 'Hà Giang', 'Thực tập sinh', 'Hà Nam', '468415850', '358601375', 'Darron_Roberson@example.com', '6551663', 'VCB', 'Cầu Giấy', 'Willis Thomas', '2015-09-03 02:58:31', 'Dion Lundy', '2018-01-01 00:00:05', 0, 0),
('78b1d514-338c-3cdc-8641-c1ec321fe728', 'NV-10623', 'Nguyễn Đăng Hoa ', '1975-12-26', 1, '4e272fc4-7875-78d6-7d32-6a1673ffca7c', '936558854', '2021-04-07', 'Hà Nội', 'Thực tập sinh', 'Nghệ An', '771217455', '936558854', 'AbigailDunning59@example.com', '5680925', 'BIDV', 'Cầu Giấy', 'Camie Talbott', '2015-08-03 02:01:39', 'Tod Abbott', '2020-04-06 07:05:52', 0, 1),
('7976650d-4e86-2615-8c41-c1ec321fe728', 'NV-85653', 'Lý Xuân Nhung ', '1980-05-04', 1, '142cb08f-7c31-21fa-8e90-67245e8b283e', '023589481', '2020-01-11', 'Nghệ An', 'Trưởng phòng', 'Hưng Yên', '847274040', '023589481', 'Gough@nowhere.com', '7924548', 'VCB', 'Cầu Giấy', 'Carlie Mcduffie', '2016-08-02 07:29:10', NULL, '2021-08-14 16:24:06', 0, 0),
('79806d6f-4830-6311-2577-d9ebc53aac3d', 'NV-05852', 'Lê Duy Trang ', '1974-10-05', 1, '17120d02-6ab5-3e43-18cb-66948daf6128', '836552539', '2021-04-08', 'Nghệ An', 'Nhân viên', 'Hà Giang', '387516242', '836552539', 'Dayton@example.com', '4495875', 'BIDV', 'Cầu Giấy', 'Caryn Abreu', '2015-01-01 00:10:43', 'Alaina Ahern', '2020-09-19 09:03:35', 0, 0),
('7a1114ad-76c4-3734-1f77-d9ebc53aac3d', 'NV-73553', 'Phạm Đăng Như ', '2001-07-11', 0, '4e272fc4-7875-78d6-7d32-6a1673ffca7c', '039810362', '2019-03-09', 'Nghệ An', 'Thực tập sinh', 'Hưng Yên', '805861081', '039810362', 'xtjlpw4@example.com', '1718392', 'ACB', 'Đan Phượng', 'Lexie Holman', '2019-03-03 21:22:06', 'Alan Sargent', NULL, 0, NULL),
('7a301ea4-331e-73f6-1a77-d9ebc53aac3d', 'NV-40776', 'Võ Thị Thương', '1981-04-25', 0, '469b3ece-744a-45d5-957d-e8c757976496', '615478863', '2021-05-26', 'Hưng Yên', 'Trưởng nhóm', 'Nghệ An', '404426899', '615478863', 'CaritaHSchmitz@nowhere.com', '3151805', 'ACB', 'Cầu Giấy', 'Bula Andrews', '2015-01-01 00:50:37', 'Chloe Villalobos', '2023-02-24 22:11:01', 0, 1),
('7a3fbd10-76db-716b-48c2-579daad24557', 'NV-05519', 'Vũ Đình Hường ', '1976-04-05', 2, '469b3ece-744a-45d5-957d-e8c757976496', '104923455', '2021-12-12', 'Hà Giang', 'Nhân viên', 'Nghệ An', '105951517', '104923455', 'mvtv4241@example.com', '9273789', 'VCB', 'Cầu Giấy', 'Adan Heath', '2017-08-19 12:54:26', 'Dian Bock', '2022-08-07 03:12:13', 0, 1),
('7ad34860-1ac8-7ad7-d01d-086412a8ea97', 'NV-99406', 'Đinh Ngọc Thịnh', '1973-01-07', 1, '469b3ece-744a-45d5-957d-e8c757976496', '852360928', '2020-05-23', 'Hải Phòng', 'Nhân viên', 'Hà Giang', '700122040', '852360928', 'Barrett_Mcgowan@example.com', '8350025', 'ACB', 'Cầu Giấy', 'Kevin Kim', '2015-01-01 00:00:07', 'Judson Oh', '2019-07-13 16:48:06', 0, 1),
('7b666cc3-1b67-6037-67f6-423b4e874d0f', 'NV-05292', 'Đỗ Đăng Giang ', '1978-05-25', 1, '142cb08f-7c31-21fa-8e90-67245e8b283e', '110802276', '2022-05-29', 'Hà Nội', 'Nhân viên', 'Hưng Yên', '407095194', '110802276', 'Abel313@example.com', '9967855', 'VCB', 'Hoài Đức', 'Bridgette Conley', '2015-06-19 01:54:05', NULL, NULL, 1, NULL),
('7bc9331d-7764-5dd7-80f6-423b4e874d0f', 'NV-65835', 'Đỗ Đình Nhung ', '2001-09-07', 1, '4e272fc4-7875-78d6-7d32-6a1673ffca7c', '755686093', '2019-01-04', 'Hải Phòng', 'Trưởng nhóm', 'Hà Nam', '967993116', '755686093', 'Schroeder4@example.com', '3803830', 'ACB', NULL, NULL, '2018-08-01 01:50:15', NULL, '2019-01-21 06:27:35', 0, 0),
('7bd9cf39-3f55-3a7b-0035-60b3ebf808a9', 'NV-25278', 'Hoàng Duy Nhung ', '1983-09-02', 2, '17120d02-6ab5-3e43-18cb-66948daf6128', '327864738', '2022-01-20', 'Hải Phòng', 'Nhân viên', 'Hưng Yên', '901436668', '327864738', 'mnksgeiq8021@example.com', '3466263', 'BIDV', 'Hoài Đức', 'Cleotilde Gorman', '2022-09-20 23:50:56', 'Karly Aguirre', '2020-06-22 06:26:35', 1, 1),
('7c1ae6ac-6c72-7436-2dc2-579daad24557', 'NV-06877', 'Nguyễn Ánh Báo', '1994-12-28', 0, '4e272fc4-7875-78d6-7d32-6a1673ffca7c', '191635768', '2019-01-01', 'Hải Phòng', 'Trưởng phòng', 'Nghệ An', '123684779', '191635768', 'jfhbwpxk.jxmonkyjvl@example.com', '7617805', 'ACB', NULL, NULL, '2016-10-08 16:44:09', NULL, NULL, 0, NULL),
('7c6c70d9-2ed5-49d8-81f6-423b4e874d0f', 'NV-50686', 'Hoàng Ánh Minh', '1973-02-23', 2, '142cb08f-7c31-21fa-8e90-67245e8b283e', '777374836', '2021-06-08', NULL, 'Trưởng nhóm', 'Hưng Yên', '315929510', '777374836', 'DallasValentine13@nowhere.com', '4977187', 'TECH', 'Hoài Đức', 'Harmony Alarcon', '2015-01-01 00:00:54', NULL, '2021-04-18 15:07:11', 0, 0),
('7c86746a-4284-356e-e11d-086412a8ea97', 'NV-80765', 'Hoàng Duy Anh ', '1999-06-01', 1, '4e272fc4-7875-78d6-7d32-6a1673ffca7c', '003851223', '2021-05-13', 'Hà Giang', 'Thực tập sinh', 'Hưng Yên', '133024072', '003851223', 'Bradshaw@example.com', '5307944', 'ACB', 'Cầu Giấy', 'Napoleon Almanza', '2019-06-30 08:46:38', 'Angelo Chapa', NULL, 0, NULL),
('7d7c8cbb-3c1b-7e12-6680-7ed9d1ea06ea', 'NV-68368', 'Mạc Đình Hà ', '1986-12-31', 2, '142cb08f-7c31-21fa-8e90-67245e8b283e', '843156933', '2019-01-06', 'Hà Giang', 'Trưởng phòng', 'Hà Nội', '806222481', '843156933', 'AlonsoParsons@nowhere.com', '0530374', 'TECH', 'Đan Phượng', 'Reuben Mcelroy', '2021-12-05 21:45:32', 'Alesha Landers', '2018-01-01 00:11:41', 0, 1),
('7d817578-2d6f-7bd4-9841-c1ec321fe728', 'NV-67468', 'Phạm Đình Giang ', '1973-09-25', 0, '4e272fc4-7875-78d6-7d32-6a1673ffca7c', '521922329', '2019-02-21', 'Hưng Yên', 'Nhân viên', 'Hưng Yên', '266830870', '521922329', 'RudyAcevedo161@example.com', '6641235', 'ACB', 'Đan Phượng', 'Louis Harter', '2015-01-01 00:04:28', NULL, '2023-06-26 17:08:28', 1, 0),
('7d879258-5ccb-11d6-e31d-086412a8ea97', 'NV-65914', 'Hồ Đăng Ly ', '1994-01-10', 2, '17120d02-6ab5-3e43-18cb-66948daf6128', '439052984', '2020-06-20', 'Hà Nam', 'Trưởng nhóm', 'Nghệ An', '237454596', '439052984', 'Jessup@nowhere.com', '5276102', 'ACB', 'Đan Phượng', 'Adolfo Gay', '2016-11-12 15:50:20', NULL, '2020-05-15 15:37:21', 0, 1),
('7dc15ff7-7a2b-68a9-9941-c1ec321fe728', 'NV-98179', 'Phạm Văn Mai ', '1997-10-31', 2, '4e272fc4-7875-78d6-7d32-6a1673ffca7c', '000823877', '2019-02-23', 'Hà Nội', 'Nhân viên', 'Nghệ An', '838976773', '000823877', 'Rubie_Bauman382@nowhere.com', '9858521', 'ACB', 'Hoài Đức', 'Marvella Washington', '2016-11-01 22:59:43', NULL, '2018-01-01 02:44:10', 1, 0),
('7e61a689-2cd8-340e-2677-d9ebc53aac3d', 'NV-81531', 'Mạc Xuân Như ', '1988-10-25', 2, '17120d02-6ab5-3e43-18cb-66948daf6128', '761383241', '2020-08-26', 'Hưng Yên', 'Trưởng nhóm', 'Hà Nam', '063018582', '761383241', 'CarolLilley@example.com', '8523347', 'TECH', 'Đan Phượng', 'Birgit Christopher', '2015-01-01 01:36:17', 'Oralia Tilton', '2020-01-05 15:00:57', 0, 0),
('7eebdc34-6c41-1ab4-5735-0028ed526dd0', 'NV-46358', 'Dương Duy Ánh ', '1973-01-04', 2, '142cb08f-7c31-21fa-8e90-67245e8b283e', '265155171', '2019-04-25', NULL, 'Trưởng nhóm', 'Hà Nội', '078905052', '265155171', 'MaryjoBrower273@example.com', '5397577', 'ACB', 'Đan Phượng', 'Felton Hynes', '2015-01-01 00:00:04', NULL, '2021-02-07 11:43:37', 1, 0),
('7f1b6c7c-2b74-3ebb-31c2-579daad24557', 'NV-27975', 'Lý Thị Thịnh', '1990-12-17', 0, '17120d02-6ab5-3e43-18cb-66948daf6128', '113107800', '2019-04-21', 'Hưng Yên', 'Trưởng phòng', 'Hải Phòng', '967272831', '113107800', 'kwmfds89@example.com', '7594979', 'TECH', 'Cầu Giấy', 'Sidney Hennessey', '2017-12-08 06:36:46', NULL, '2021-05-07 04:02:15', 0, NULL),
('83533b54-9f4d-4c48-afd9-7bdff6d06b1b', 'NV-99453', 'Trần Ánh Thương', '1983-04-19', 0, '469b3ece-744a-45d5-957d-e8c757976496', '537791987', '2020-02-13', 'Hà Giang', 'Nhân viên', 'Hà Nội', '690728297', '537791987', 'Dollar@nowhere.com', '0948566', 'TECH', 'Đan Phượng', NULL, '2023-07-14 17:07:57', NULL, NULL, 1, 1),
('bb999deb-f6cd-487f-96d0-e68cf196b33b', 'NV-99455', 'Trần Ánh Thương', '1983-04-19', 0, '469b3ece-744a-45d5-957d-e8c757976496', '537791987', '2020-02-13', 'Hà Giang', 'Nhân viên', 'Hà Nội', '690728297', '537791987', 'Dollar@nowhere.com', '0948566', 'TECH', 'Đan Phượng', NULL, '2023-07-14 21:13:38', NULL, NULL, 1, 1),
('bf53ee75-10e0-4ec9-b5e6-479caec30454', 'NV-99452', 'Trần Ánh Thương', '1983-04-19', 0, '469b3ece-744a-45d5-957d-e8c757976496', '537791987', '2020-02-13', 'Hà Giang', 'Nhân viên', 'Hà Nội', '690728297', '537791987', 'Dollar@nowhere.com', '0948566', 'TECH', 'Đan Phượng', NULL, '2023-07-14 17:07:40', NULL, NULL, 1, 1),
('f0bfad41-e359-468a-9712-dde607cd5df3', 'NV-99457', 'a', NULL, NULL, '17120d02-6ab5-3e43-18cb-66948daf6128', NULL, NULL, NULL, NULL, NULL, NULL, NULL, NULL, NULL, NULL, NULL, NULL, '2023-07-14 21:19:11', NULL, NULL, NULL, NULL),
('ffccc669-7403-4761-9b98-24ead0ae2466', 'NV-99459', 'A', NULL, NULL, '17120d02-6ab5-3e43-18cb-66948daf6128', NULL, NULL, NULL, NULL, NULL, NULL, NULL, NULL, NULL, NULL, NULL, NULL, '2023-07-14 21:23:04', NULL, NULL, NULL, NULL);

-- 
-- Dumping data for table `group`
--
INSERT INTO `group` VALUES
('2000637a-2a69-2e7e-a135-f63bd3f197bd', 'KH2447', 'Khu vực 7', 'Ruthann Yanez', '2023-07-17 16:38:05', 'Arturo Cole', '2022-01-01 00:00:06'),
('27f91d6c-14b1-6c74-92ef-c9d5c2d91e91', 'KH1062', 'Khu vực 4', 'Margaret Lytle', '2023-01-01 00:00:03', 'Lottie Almanza', '2022-04-06 04:40:56'),
('2cae53dc-6c39-2a1e-4df6-9777a5de214b', 'KH5755', 'Khu vực 0', 'Lyle Kirchner', '2023-07-11 16:22:55', 'Asuncion Candelaria', '2022-02-11 04:46:27'),
('30007451-29ff-4fe4-3707-70859f4ff30d', 'KH9142', 'Khu vực 8', 'Eusebio Amaral', '2023-06-08 17:14:46', 'Takisha Hagan', '2022-01-01 00:09:30'),
('34e2b4cc-3758-293d-7aa4-4b24de418577', 'KH2335', 'Khu vực 5', 'Luise Nugent', '2023-01-23 13:22:40', 'Juliet Bordelon', '2022-01-01 01:27:28'),
('3e39129b-279f-623f-88ea-778aee59fea3', 'KH0335', 'Khu vực 2', 'Ronald Burleson', '2023-05-06 18:13:15', 'Arthur Glover', '2022-11-09 12:47:52'),
('6528b15d-6674-724f-79a4-4b24de418577', 'KH3863', 'Khu vực 9', 'Delana Devito', '2023-02-06 13:06:20', 'Judi Herron', '2023-04-12 17:22:19');

-- 
-- Dumping data for table provider
--
INSERT INTO provider VALUES
('01aad493-1f24-44c2-96a5-f2ab28e4a0a8', 'NCC-3423', '23432', 'fsdfds', NULL, NULL, NULL, NULL, 0, NULL, '2023-07-30 22:57:19', NULL, NULL, NULL, NULL, NULL, NULL, NULL, NULL, NULL, NULL, NULL, NULL, NULL, NULL, NULL, NULL, NULL, NULL, NULL, NULL, NULL, NULL, NULL, NULL, NULL),
('04474cc3-a7a8-4a21-a3c3-08ce0ed4b054', 'NCC-223432', NULL, 'dsfsdfsdf', NULL, NULL, NULL, NULL, 0, NULL, '2023-08-09 20:35:57', NULL, NULL, 0, NULL, NULL, NULL, NULL, NULL, 'Anh', NULL, 'RP-0002', '64ce1aa0-e175-4e8b-a4d0-cba90aa432a0', NULL, 0, 0.00, 'Việt Nam', 'Hải Phòng', 'Huyện Kiến Thuỵ', 'Đại Đồng', NULL, NULL, NULL, NULL, NULL, NULL),
('04beaf72-3f35-42ec-86e6-f0b445d54f0b', 'NCC-3234', '234232', 'test', NULL, NULL, '63bcf528-48d2-4f46-9e69-43e1c2d4afe6', NULL, 0, NULL, '2023-07-30 15:40:07', NULL, NULL, NULL, NULL, 'anh', NULL, NULL, NULL, 'Bà', NULL, 'RP-0001', '07053b48-791b-421d-b6bb-fe823ef9915f', NULL, 3, 1233423.00, NULL, NULL, NULL, NULL, NULL, NULL, NULL, NULL, NULL, NULL),
('12005c59-4cdb-2a35-f0f6-092cdb0ab5e8', 'NCC-52732', '342800', 'Microsoft Corporation', '6713443342', NULL, NULL, 'Ngõ 15 Duy Tân, quận Cầu Giấy, Hà Nội', 0, 'Samuel Anders', '2022-01-01 01:01:51', 'Marquis Crocker', '2023-05-07 15:42:14', 0, NULL, NULL, NULL, NULL, NULL, NULL, NULL, NULL, NULL, NULL, NULL, NULL, NULL, NULL, NULL, NULL, NULL, NULL, NULL, NULL, NULL, NULL),
('14bf4313-486c-46be-d7a7-99e7765afd72', 'NCC-08069', '993293', 'Alphabet Inc', '0055460426', NULL, NULL, '9 Ng.4 P.Duy Tân, Dịch Vọng Hậu, Cầu Giấy, Hà Nội', 1, 'Agnes Bordelon', '2022-04-06 11:34:34', 'Deidra Coulter', '2023-01-01 00:00:10', 0, NULL, NULL, NULL, NULL, NULL, NULL, NULL, NULL, NULL, NULL, NULL, NULL, NULL, NULL, NULL, NULL, NULL, NULL, NULL, NULL, NULL, NULL),
('17f1eebc-7c53-1bf3-e2ab-8b7af6721bcf', 'NCC-55637', '340292', 'MISA', '8699145723', NULL, NULL, '9 Ng.4 P.Duy Tân, Dịch Vọng Hậu, Cầu Giấy, Hà Nội', 0, 'Madge Garber', '2022-11-02 00:17:19', 'Glennis Allen', '2023-03-09 11:58:36', 0, NULL, NULL, NULL, NULL, NULL, NULL, NULL, NULL, NULL, NULL, NULL, NULL, NULL, NULL, NULL, NULL, NULL, NULL, NULL, NULL, NULL, NULL),
('19235339-6e5b-1263-eff2-17995bf2968c', 'NCC-39542', '478476', 'Walmart Inc', '1736842562', NULL, NULL, 'Ngõ 15 Duy Tân, quận Cầu Giấy, Hà Nội', 1, 'Athena Crowder', '2022-03-15 04:00:01', 'Maud Guinn', '2023-01-01 00:00:03', 0, NULL, NULL, NULL, NULL, NULL, NULL, NULL, NULL, NULL, NULL, NULL, NULL, NULL, NULL, NULL, NULL, NULL, NULL, NULL, NULL, NULL, NULL),
('1ae4f1d0-48f9-3cac-2cdc-88a3ac8a3bba', 'NCC-77183', '928462', 'Kweichow Moutai Co., Ltd.', '7143142398', NULL, NULL, '9 Ng.4 P.Duy Tân, Dịch Vọng Hậu, Cầu Giấy, Hà Nội', 0, NULL, NULL, 'Lanelle Baca', '2023-06-21 21:04:25', 0, NULL, NULL, NULL, NULL, NULL, NULL, NULL, NULL, NULL, NULL, NULL, NULL, NULL, NULL, NULL, NULL, NULL, NULL, NULL, NULL, NULL, NULL),
('1bd0beda-2bea-49b5-8954-b2ea66e49e36', 'NCC-223436', NULL, 'sdfs', NULL, NULL, NULL, NULL, 0, NULL, '2023-08-10 09:01:43', NULL, NULL, NULL, NULL, NULL, NULL, NULL, NULL, NULL, NULL, 'RP-0001', NULL, NULL, 3, 0.00, NULL, NULL, NULL, NULL, NULL, NULL, NULL, NULL, NULL, NULL),
('1eefe41e-a6ae-4262-bb33-121365da3975', 'NCC-223427', 'dsfsdf', 'sdfsdf', NULL, NULL, NULL, NULL, 0, NULL, '2023-08-09 15:15:32', NULL, NULL, NULL, NULL, NULL, NULL, NULL, NULL, NULL, NULL, NULL, NULL, NULL, NULL, NULL, NULL, NULL, NULL, NULL, NULL, NULL, NULL, NULL, NULL, NULL),
('1f433c09-5d64-37ae-f9f6-092cdb0ab5e8', 'NCC-77037', '355797', 'Walmart Inc', '0778405638', NULL, NULL, 'Ngõ 15 Duy Tân, quận Cầu Giấy, Hà Nội', 1, 'Francis Currie', '2022-01-27 02:51:50', 'Kurtis Kelso', '2023-02-09 05:12:47', 0, NULL, NULL, NULL, NULL, NULL, NULL, NULL, NULL, NULL, NULL, NULL, NULL, NULL, NULL, NULL, NULL, NULL, NULL, NULL, NULL, NULL, NULL),
('1f6428fc-3a0a-5d80-dcab-8b7af6721bcf', 'NCC-87536', '482994', 'Walmart Inc', '4076684677', NULL, NULL, NULL, 1, 'Antone Maclean', '2022-12-09 21:05:52', 'Abe Blanton', '2023-01-27 00:41:19', 1, NULL, NULL, NULL, NULL, NULL, NULL, NULL, NULL, NULL, NULL, NULL, NULL, NULL, NULL, NULL, NULL, NULL, NULL, NULL, NULL, NULL, NULL),
('1fed4996-31a9-74ba-d5a7-99e7765afd72', 'NCC-98477', '045405', 'Walmart Inc', '0891352454', NULL, NULL, '9 Ng.4 P.Duy Tân, Dịch Vọng Hậu, Cầu Giấy, Hà Nội', 0, NULL, NULL, 'Stanley Alford', '2023-02-02 20:37:26', 1, NULL, NULL, NULL, NULL, NULL, NULL, NULL, NULL, NULL, NULL, NULL, NULL, NULL, NULL, NULL, NULL, NULL, NULL, NULL, NULL, NULL, NULL),
('2229d431-6911-6ec7-d592-0ed10b503732', 'NCC-66619', '597656', 'Kweichow Moutai Co., Ltd.', '8161132614', NULL, NULL, '9 Ng.4 P.Duy Tân, Dịch Vọng Hậu, Cầu Giấy, Hà Nội', 1, 'Hugh Rubio', '2022-04-19 01:46:38', 'Juan Merchant', '2023-07-25 10:31:48', 1, NULL, NULL, NULL, NULL, NULL, NULL, NULL, NULL, NULL, NULL, NULL, NULL, NULL, NULL, NULL, NULL, NULL, NULL, NULL, NULL, NULL, NULL),
('24873f8c-4b36-5550-2bdc-88a3ac8a3bba', 'NCC-08181', '809792', 'MISA', '3054216997', NULL, NULL, '9 Ng.4 P.Duy Tân, Dịch Vọng Hậu, Cầu Giấy, Hà Nội', 0, 'Seymour Addison', '2022-05-30 16:21:06', NULL, NULL, NULL, NULL, NULL, NULL, NULL, NULL, NULL, NULL, NULL, NULL, NULL, NULL, NULL, NULL, NULL, NULL, NULL, NULL, NULL, NULL, NULL, NULL, NULL),
('24b6e294-3962-3cac-eff6-092cdb0ab5e8', 'NCC-27833', '486361', 'Kweichow Moutai Co., Ltd.', '0291571994', NULL, NULL, 'Ngõ 15 Duy Tân, quận Cầu Giấy, Hà Nội', 1, 'Ian Link', '2022-12-10 01:03:21', 'Joaquin Collazo', '2023-01-01 00:00:07', 1, NULL, NULL, NULL, NULL, NULL, NULL, NULL, NULL, NULL, NULL, NULL, NULL, NULL, NULL, NULL, NULL, NULL, NULL, NULL, NULL, NULL, NULL),
('250547bf-4861-7360-f4f6-092cdb0ab5e8', 'NCC-61746', '013623', 'Walmart Inc', '1176457910', NULL, NULL, 'Ngõ 15 Duy Tân, quận Cầu Giấy, Hà Nội', 0, 'Abigail Lindsey', '2022-05-20 13:57:36', 'Annika Archie', '2023-01-01 02:00:01', 1, NULL, NULL, NULL, NULL, NULL, NULL, NULL, NULL, NULL, NULL, NULL, NULL, NULL, NULL, NULL, NULL, NULL, NULL, NULL, NULL, NULL, NULL),
('25dce806-758c-2e5f-bbb1-c1540d491251', 'NCC-67637', '816726', 'Microsoft Corporation', '8155083593', NULL, NULL, 'Ngõ 15 Duy Tân, quận Cầu Giấy, Hà Nội', 1, 'Taylor Binkley', '2022-01-01 00:01:00', 'Horace Laplante', '2023-07-24 01:54:36', 0, NULL, NULL, NULL, NULL, NULL, NULL, NULL, NULL, NULL, NULL, NULL, NULL, NULL, NULL, NULL, NULL, NULL, NULL, NULL, NULL, NULL, NULL),
('26908de3-5b2d-58bb-f1f6-092cdb0ab5e8', 'NCC-15172', '920733', 'Alphabet Inc', '6595043994', NULL, NULL, NULL, 1, NULL, NULL, 'Victorina Ontiveros', '2023-05-15 14:22:18', 1, NULL, NULL, NULL, NULL, NULL, NULL, NULL, NULL, NULL, NULL, NULL, NULL, NULL, NULL, NULL, NULL, NULL, NULL, NULL, NULL, NULL, NULL),
('2975716e-6eb3-4a6e-8a8d-88bbfbd98019', 'NCC-23423', '23423', 'ewrwer', NULL, NULL, NULL, NULL, 1, NULL, '2023-07-30 22:58:03', NULL, NULL, NULL, NULL, NULL, NULL, NULL, NULL, NULL, NULL, 'RP-0002', NULL, NULL, NULL, NULL, NULL, NULL, NULL, NULL, NULL, NULL, NULL, NULL, NULL, NULL),
('2bdbb408-2566-47f8-dbab-8b7af6721bcf', 'NCC-96370', '910011', 'Alphabet Inc', '5009591627', NULL, NULL, NULL, 1, 'Kelsi Freitas', '2023-01-03 19:36:28', 'Gertrudis Box', '2023-07-06 00:50:16', 0, NULL, NULL, NULL, NULL, NULL, NULL, NULL, NULL, NULL, NULL, NULL, NULL, NULL, NULL, NULL, NULL, NULL, NULL, NULL, NULL, NULL, NULL),
('2c2134d9-679e-2c6e-1791-0af2c7f2a1a0', 'NCC-10251', '102047', 'Kweichow Moutai Co., Ltd.', '4610287655', NULL, NULL, 'Ngõ 15 Duy Tân, quận Cầu Giấy, Hà Nội', 1, 'Cody Steele', '2022-09-25 22:14:23', 'Clemencia Juarez', '2023-01-01 00:00:40', 0, NULL, NULL, NULL, NULL, NULL, NULL, NULL, NULL, NULL, NULL, NULL, NULL, NULL, NULL, NULL, NULL, NULL, NULL, NULL, NULL, NULL, NULL),
('2d37fb8c-5355-11d8-deab-8b7af6721bcf', 'NCC-53998', '895879', 'Kweichow Moutai Co., Ltd.', '9798045732', NULL, NULL, NULL, 0, 'Deb Breeden', '2022-01-01 00:00:10', 'Britney Alger', '2023-01-01 00:00:10', 1, NULL, NULL, NULL, NULL, NULL, NULL, NULL, NULL, NULL, NULL, NULL, NULL, NULL, NULL, NULL, NULL, NULL, NULL, NULL, NULL, NULL, NULL),
('2e4d30f2-1315-5ad6-2fdc-88a3ac8a3bba', 'NCC-39980', '432066', 'Kweichow Moutai Co., Ltd.', '9574899749', NULL, NULL, 'Ngõ 15 Duy Tân, quận Cầu Giấy, Hà Nội', 0, 'Trinidad Freed', '2023-02-10 07:12:23', NULL, NULL, 1, NULL, NULL, NULL, NULL, NULL, NULL, NULL, NULL, NULL, NULL, NULL, NULL, NULL, NULL, NULL, NULL, NULL, NULL, NULL, NULL, NULL, NULL),
('31163c02-33fc-587f-f2f6-092cdb0ab5e8', 'NCC-08065', '466646', 'Walmart Inc', '4188080443', NULL, NULL, 'Ngõ 15 Duy Tân, quận Cầu Giấy, Hà Nội', 1, 'Garry Mahan', '2022-06-19 07:08:31', 'Joesph Tamayo', '2023-01-11 18:26:24', 0, NULL, NULL, NULL, NULL, NULL, NULL, NULL, NULL, NULL, NULL, NULL, NULL, NULL, NULL, NULL, NULL, NULL, NULL, NULL, NULL, NULL, NULL),
('329cf47b-1dcc-5625-d792-0ed10b503732', 'NCC-27775', '314842', 'MISA', '8564082907', NULL, NULL, '9 Ng.4 P.Duy Tân, Dịch Vọng Hậu, Cầu Giấy, Hà Nội', 0, 'Kimberely Wilde', '2022-08-08 09:54:13', 'Jarod Wiles', '2023-07-07 18:53:44', 0, NULL, NULL, NULL, NULL, NULL, NULL, NULL, NULL, NULL, NULL, NULL, NULL, NULL, NULL, NULL, NULL, NULL, NULL, NULL, NULL, NULL, NULL),
('3391451f-4a09-65cd-1591-0af2c7f2a1a0', 'NCC-37589', '297068', 'MISA', '2988897702', NULL, NULL, 'Ngõ 15 Duy Tân, quận Cầu Giấy, Hà Nội', 1, 'Maxima Barrett', '2022-07-28 15:28:04', 'Christina Richard', '2023-05-27 07:55:45', 1, NULL, NULL, NULL, NULL, NULL, NULL, NULL, NULL, NULL, NULL, NULL, NULL, NULL, NULL, NULL, NULL, NULL, NULL, NULL, NULL, NULL, NULL),
('3483adfe-38c9-1789-9f66-43a328b17837', 'NCC-81699', '554523', 'Microsoft Corporation', '9504424849', NULL, NULL, '9 Ng.4 P.Duy Tân, Dịch Vọng Hậu, Cầu Giấy, Hà Nội', 1, 'Shantelle Abel', '2022-06-14 05:25:03', 'Leif Schindler', '2023-02-04 04:18:56', 0, NULL, NULL, NULL, NULL, NULL, NULL, NULL, NULL, NULL, NULL, NULL, NULL, NULL, NULL, NULL, NULL, NULL, NULL, NULL, NULL, NULL, NULL),
('35251a6d-3944-4983-ba47-901f27b89d18', 'NCC-02435', '733187', 'Kweichow Moutai Co., Ltd.', '1784284281', NULL, NULL, 'Ngõ 15 Duy Tân, quận Cầu Giấy, Hà Nội', 1, NULL, NULL, 'Marlene Krieger', '2023-03-10 22:14:23', 0, NULL, NULL, NULL, NULL, NULL, NULL, NULL, NULL, NULL, NULL, NULL, NULL, NULL, NULL, NULL, NULL, NULL, NULL, NULL, NULL, NULL, NULL),
('359f2298-5a43-2fdc-d6a7-99e7765afd72', 'NCC-66484', '680635', 'MISA', '1159084562', NULL, NULL, '9 Ng.4 P.Duy Tân, Dịch Vọng Hậu, Cầu Giấy, Hà Nội', 0, 'Towanda Stump', '2022-03-31 12:22:33', 'Loni Gatewood', '2023-01-01 00:00:39', 0, NULL, NULL, NULL, NULL, NULL, NULL, NULL, NULL, NULL, NULL, NULL, NULL, NULL, NULL, NULL, NULL, NULL, NULL, NULL, NULL, NULL, NULL),
('3616bf85-6fa7-5d66-eaf2-17995bf2968c', 'NCC-29916', '593051', 'Kweichow Moutai Co., Ltd.', '4270068533', NULL, NULL, 'Ngõ 15 Duy Tân, quận Cầu Giấy, Hà Nội', 1, 'Karyl Adame', '2022-01-01 00:01:06', 'Janelle Edmondson', '2023-01-01 00:00:08', 0, NULL, NULL, NULL, NULL, NULL, NULL, NULL, NULL, NULL, NULL, NULL, NULL, NULL, NULL, NULL, NULL, NULL, NULL, NULL, NULL, NULL, NULL),
('396eaf2d-5bc5-5766-e7f2-17995bf2968c', 'NCC-34731', '985817', 'Kweichow Moutai Co., Ltd.', '4021861746', 'httpssd', NULL, '9 Ng.4 P.Duy Tân, Dịch Vọng Hậu, Cầu Giấy, Hà Nội', 0, 'Neal Burris', '2023-01-24 22:09:56', NULL, NULL, 0, NULL, NULL, NULL, NULL, NULL, NULL, NULL, NULL, NULL, NULL, NULL, NULL, NULL, NULL, NULL, NULL, NULL, NULL, NULL, NULL, NULL, NULL),
('3d99a93b-28ef-1fd5-e8f2-17995bf2968c', 'NCC-97527', '196430', 'MISA', '1376042192', NULL, NULL, '9 Ng.4 P.Duy Tân, Dịch Vọng Hậu, Cầu Giấy, Hà Nội', 1, 'Florence Ackerman', '2022-01-01 00:01:16', 'Adrienne Worthington', '2023-05-20 10:49:22', 1, NULL, NULL, NULL, NULL, NULL, NULL, NULL, NULL, NULL, NULL, NULL, NULL, NULL, NULL, NULL, NULL, NULL, NULL, NULL, NULL, NULL, NULL),
('4019779e-62ad-1557-e3ab-8b7af6721bcf', 'NCC-75751', '317075', 'MISA', '8391563760', NULL, NULL, 'Ngõ 15 Duy Tân, quận Cầu Giấy, Hà Nội', 1, 'Piedad Mora', '2022-12-25 07:57:30', 'Richard Bonilla', '2023-01-01 00:13:59', 0, NULL, NULL, NULL, NULL, NULL, NULL, NULL, NULL, NULL, NULL, NULL, NULL, NULL, NULL, NULL, NULL, NULL, NULL, NULL, NULL, NULL, NULL),
('421c7bac-7ab6-1c59-e1ab-8b7af6721bcf', 'NCC-36418', '665697', 'Walmart Inc', '0273124045', NULL, NULL, '9 Ng.4 P.Duy Tân, Dịch Vọng Hậu, Cầu Giấy, Hà Nội', 0, 'Kenny Sheridan', '2022-09-27 23:44:13', 'Myron Acevedo', '2023-04-03 02:26:53', 0, NULL, NULL, NULL, NULL, NULL, NULL, NULL, NULL, NULL, NULL, NULL, NULL, NULL, NULL, NULL, NULL, NULL, NULL, NULL, NULL, NULL, NULL),
('4241c0bb-5479-2a90-edf2-17995bf2968c', 'NCC-23596', '777271', 'MISA', '7171411311', NULL, NULL, '9 Ng.4 P.Duy Tân, Dịch Vọng Hậu, Cầu Giấy, Hà Nội', 1, 'Lyndsay Torrence', '2022-01-01 00:00:08', 'Alda Ricks', '2023-05-09 09:20:43', 0, NULL, NULL, NULL, NULL, NULL, NULL, NULL, NULL, NULL, NULL, NULL, NULL, NULL, NULL, NULL, NULL, NULL, NULL, NULL, NULL, NULL, NULL),
('45422559-79e1-254d-cfa7-99e7765afd72', 'NCC-99936', '096729', 'Microsoft Corporation', '9151159948', NULL, NULL, NULL, 0, 'Edwina Bellamy', '2022-01-01 00:00:08', 'Orville Tripp', '2023-04-22 08:11:50', 0, NULL, NULL, NULL, NULL, NULL, NULL, NULL, NULL, NULL, NULL, NULL, NULL, NULL, NULL, NULL, NULL, NULL, NULL, NULL, NULL, NULL, NULL),
('46335fb5-1ac4-66ae-b6b1-c1540d491251', 'NCC-84800', '844704', 'MISA', '3367153468', NULL, NULL, '9 Ng.4 P.Duy Tân, Dịch Vọng Hậu, Cầu Giấy, Hà Nội', 0, 'Manie Wahl', '2022-01-01 00:00:01', 'Lily Long', '2023-01-06 05:45:58', 1, NULL, NULL, NULL, NULL, NULL, NULL, NULL, NULL, NULL, NULL, NULL, NULL, NULL, NULL, NULL, NULL, NULL, NULL, NULL, NULL, NULL, NULL),
('46c602d6-5e0a-2b4b-ebf2-17995bf2968c', 'NCC-16793', '079090', 'MISA', '2397718024', NULL, NULL, 'Ngõ 15 Duy Tân, quận Cầu Giấy, Hà Nội', 0, 'Betsy Abney', '2022-02-19 05:59:48', 'Alden Regalado', '2023-01-01 00:01:32', 0, NULL, NULL, NULL, NULL, NULL, NULL, NULL, NULL, NULL, NULL, NULL, NULL, NULL, NULL, NULL, NULL, NULL, NULL, NULL, NULL, NULL, NULL),
('46fb9a81-2b2e-5c6e-30dc-88a3ac8a3bba', 'NCC-47376', '150692', 'Kweichow Moutai Co., Ltd.', '2229482502', NULL, NULL, '9 Ng.4 P.Duy Tân, Dịch Vọng Hậu, Cầu Giấy, Hà Nội', 1, 'Briana Grier', '2022-05-24 00:30:36', 'Man Whelan', '2023-01-06 15:31:57', 1, NULL, NULL, NULL, NULL, NULL, NULL, NULL, NULL, NULL, NULL, NULL, NULL, NULL, NULL, NULL, NULL, NULL, NULL, NULL, NULL, NULL, NULL),
('478f3aa6-7d35-703c-d892-0ed10b503732', 'NCC-14300', '643315', 'Walmart Inc', '8806940787', NULL, NULL, '9 Ng.4 P.Duy Tân, Dịch Vọng Hậu, Cầu Giấy, Hà Nội', 1, 'Alphonse Keller', '2022-02-14 11:43:13', NULL, NULL, NULL, NULL, NULL, NULL, NULL, NULL, NULL, NULL, NULL, NULL, NULL, NULL, NULL, NULL, NULL, NULL, NULL, NULL, NULL, NULL, NULL, NULL, NULL),
('47965963-378c-2957-a566-43a328b17837', 'NCC-42575', '245280', 'Kweichow Moutai Co., Ltd.', '9452143874', NULL, NULL, 'Ngõ 15 Duy Tân, quận Cầu Giấy, Hà Nội', 0, 'Quinton Leavitt', '2022-01-11 20:21:05', 'Cornell Mancuso', '2023-01-01 00:00:54', 0, NULL, NULL, NULL, NULL, NULL, NULL, NULL, NULL, NULL, NULL, NULL, NULL, NULL, NULL, NULL, NULL, NULL, NULL, NULL, NULL, NULL, NULL),
('47fc0199-4500-4075-d2a7-99e7765afd72', 'NCC-12426', '758090', 'Kweichow Moutai Co., Ltd.', '2675918456', NULL, NULL, '9 Ng.4 P.Duy Tân, Dịch Vọng Hậu, Cầu Giấy, Hà Nội', 0, 'Beula Creech', '2022-05-10 10:45:58', NULL, NULL, NULL, NULL, NULL, NULL, NULL, NULL, NULL, NULL, NULL, NULL, NULL, NULL, NULL, NULL, NULL, NULL, NULL, NULL, NULL, NULL, NULL, NULL, NULL),
('4a756255-60b4-6d83-d392-0ed10b503732', 'NCC-69480', '921738', 'Walmart Inc', '4758077185', 'string', NULL, NULL, 0, 'Christel Abney', '2022-09-20 10:00:32', NULL, NULL, 1, NULL, NULL, NULL, NULL, NULL, NULL, NULL, NULL, NULL, NULL, NULL, NULL, NULL, NULL, NULL, NULL, NULL, NULL, NULL, NULL, NULL, NULL),
('4b9a66d5-aad4-4003-b748-18c2d10e85be', 'NCC-223435', NULL, 'csdsf', NULL, NULL, NULL, NULL, 0, NULL, '2023-08-10 08:24:24', NULL, NULL, NULL, NULL, NULL, NULL, NULL, NULL, NULL, NULL, NULL, NULL, NULL, 0, 0.00, NULL, NULL, NULL, NULL, NULL, NULL, NULL, NULL, NULL, NULL),
('4d963204-46cc-538c-9d66-43a328b17837', 'NCC-98700', '016237', 'Kweichow Moutai Co., Ltd.', '7606029399', NULL, NULL, 'Ngõ 15 Duy Tân, quận Cầu Giấy, Hà Nội', 0, 'Deon Castle', '2022-01-01 00:16:27', 'Willow Saucedo', '2023-01-01 00:00:10', 1, NULL, NULL, NULL, NULL, NULL, NULL, NULL, NULL, NULL, NULL, NULL, NULL, NULL, NULL, NULL, NULL, NULL, NULL, NULL, NULL, NULL, NULL),
('4ddd46a8-42d2-6d26-1191-0af2c7f2a1a0', 'NCC-82464', '634002', 'MISA', '1174757348', NULL, NULL, '9 Ng.4 P.Duy Tân, Dịch Vọng Hậu, Cầu Giấy, Hà Nội', 0, 'Lesley Durden', '2022-01-01 00:00:09', 'Adan Copeland', '2023-02-28 03:17:42', 1, NULL, NULL, NULL, NULL, NULL, NULL, NULL, NULL, NULL, NULL, NULL, NULL, NULL, NULL, NULL, NULL, NULL, NULL, NULL, NULL, NULL, NULL),
('4e4dd06a-1a04-681f-29dc-88a3ac8a3bba', 'NCC-33443', '973315', 'Microsoft Corporation', '1596593318', NULL, NULL, '9 Ng.4 P.Duy Tân, Dịch Vọng Hậu, Cầu Giấy, Hà Nội', 0, 'Barry Golden', '2022-07-21 02:07:16', 'Jonah Miller', '2023-01-01 00:13:22', 0, NULL, NULL, NULL, NULL, NULL, NULL, NULL, NULL, NULL, NULL, NULL, NULL, NULL, NULL, NULL, NULL, NULL, NULL, NULL, NULL, NULL, NULL),
('4f3d42c1-6e2c-2c89-e6f2-17995bf2968c', 'NCC-00061', '750357', 'MISA', '0953055962', NULL, NULL, '9 Ng.4 P.Duy Tân, Dịch Vọng Hậu, Cầu Giấy, Hà Nội', 1, 'Danille Willey', '2022-01-01 01:33:25', NULL, NULL, NULL, NULL, NULL, NULL, NULL, NULL, NULL, NULL, NULL, NULL, NULL, NULL, NULL, NULL, NULL, NULL, NULL, NULL, NULL, NULL, NULL, NULL, NULL),
('5017b949-77c1-2758-e5f2-17995bf2968c', 'NCC-80964', '586891', 'Kweichow Moutai Co., Ltd.', '2943422521', NULL, NULL, 'Ngõ 15 Duy Tân, quận Cầu Giấy, Hà Nội', 1, 'Addie Ferguson', '2022-05-29 06:24:43', 'Sharika Acker', '2023-02-05 22:30:18', 0, NULL, NULL, NULL, NULL, NULL, NULL, NULL, NULL, NULL, NULL, NULL, NULL, NULL, NULL, NULL, NULL, NULL, NULL, NULL, NULL, NULL, NULL),
('50cd7cd2-6007-63f8-cea7-99e7765afd72', 'NCC-85994', '343639', 'Alphabet Inc', '0983337507', NULL, NULL, '9 Ng.4 P.Duy Tân, Dịch Vọng Hậu, Cầu Giấy, Hà Nội', 1, 'Amanda Hawk', '2022-01-01 00:11:26', 'Nick Matney', '2023-01-01 00:43:36', 0, NULL, NULL, NULL, NULL, NULL, NULL, NULL, NULL, NULL, NULL, NULL, NULL, NULL, NULL, NULL, NULL, NULL, NULL, NULL, NULL, NULL, NULL),
('52778295-13e0-7145-2edc-88a3ac8a3bba', 'NCC-36248', '855741', 'MISA', NULL, NULL, NULL, '9 Ng.4 P.Duy Tân, Dịch Vọng Hậu, Cầu Giấy, Hà Nội', 0, 'Brett Westfall', '2022-01-01 00:10:40', 'Agustin Barone', '2023-03-26 17:47:28', 1, NULL, NULL, NULL, NULL, NULL, NULL, NULL, NULL, NULL, NULL, NULL, NULL, NULL, NULL, NULL, NULL, NULL, NULL, NULL, NULL, NULL, NULL),
('52865d12-2628-2164-9e66-43a328b17837', 'NCC-19045', '615403', 'Microsoft Corporation', '0685243168', NULL, NULL, '9 Ng.4 P.Duy Tân, Dịch Vọng Hậu, Cầu Giấy, Hà Nội', 1, 'Dave Alston', '2022-01-01 00:00:04', 'Millard Stapleton', '2023-06-14 10:23:40', 1, NULL, NULL, NULL, NULL, NULL, NULL, NULL, NULL, NULL, NULL, NULL, NULL, NULL, NULL, NULL, NULL, NULL, NULL, NULL, NULL, NULL, NULL),
('53106d08-e967-4eb9-b349-cb8117f338e1', 'NCC-223437', NULL, 'dsfsdf', NULL, NULL, NULL, NULL, 0, NULL, '2023-08-10 09:05:26', NULL, NULL, NULL, NULL, NULL, NULL, NULL, NULL, NULL, NULL, NULL, NULL, NULL, NULL, NULL, NULL, NULL, NULL, NULL, NULL, NULL, NULL, NULL, NULL, NULL),
('538eb3ed-1f4f-6709-b9b1-c1540d491251', 'NCC-28929', '124996', 'Microsoft Corporation', '0819313720', NULL, NULL, '9 Ng.4 P.Duy Tân, Dịch Vọng Hậu, Cầu Giấy, Hà Nội', 0, 'Doug Pollard', '2022-01-01 00:00:01', NULL, NULL, NULL, NULL, NULL, NULL, NULL, NULL, NULL, NULL, NULL, NULL, NULL, NULL, NULL, NULL, NULL, NULL, NULL, NULL, NULL, NULL, NULL, NULL, NULL),
('540d2e00-9228-4247-9eea-fed1aebe5e23', 'NCC-223433', '2342', 'sdafsdf', NULL, NULL, NULL, NULL, 0, NULL, '2023-08-09 22:37:19', NULL, NULL, NULL, NULL, NULL, NULL, NULL, NULL, NULL, NULL, 'RP-0002', NULL, NULL, 0, 0.00, NULL, NULL, NULL, NULL, NULL, NULL, NULL, NULL, NULL, NULL),
('555fccb1-51be-5d8c-bf47-901f27b89d18', 'NCC-26239', '787762', 'MISA', '8196600632', NULL, NULL, NULL, 0, 'Laurena Kohler', '2022-02-23 19:59:00', 'Delorse Cash', '2023-04-20 04:45:24', 0, NULL, NULL, NULL, NULL, NULL, NULL, NULL, NULL, NULL, NULL, NULL, NULL, NULL, NULL, NULL, NULL, NULL, NULL, NULL, NULL, NULL, NULL),
('5649291f-47fd-6268-beb1-c1540d491251', 'NCC-29378', '200947', 'Kweichow Moutai Co., Ltd.', '7578634867', NULL, NULL, '9 Ng.4 P.Duy Tân, Dịch Vọng Hậu, Cầu Giấy, Hà Nội', 1, 'Adah Mintz', '2022-07-23 18:55:53', 'Joel Ladner', '2023-01-19 20:16:09', 1, NULL, NULL, NULL, NULL, NULL, NULL, NULL, NULL, NULL, NULL, NULL, NULL, NULL, NULL, NULL, NULL, NULL, NULL, NULL, NULL, NULL, NULL),
('5a80a199-54ec-1c66-d492-0ed10b503732', 'NCC-71615', '731654', 'Kweichow Moutai Co., Ltd.', '2996786506', NULL, NULL, 'Ngõ 15 Duy Tân, quận Cầu Giấy, Hà Nội', 1, 'Abram Waller', '2022-01-01 00:44:54', 'Abigail Trejo', '2023-04-15 05:53:17', 0, NULL, NULL, NULL, NULL, NULL, NULL, NULL, NULL, NULL, NULL, NULL, NULL, NULL, NULL, NULL, NULL, NULL, NULL, NULL, NULL, NULL, NULL),
('5ce214b9-75ac-2452-bcb1-c1540d491251', 'NCC-06536', '980434', 'Kweichow Moutai Co., Ltd.', '9815244541', NULL, NULL, 'Ngõ 15 Duy Tân, quận Cầu Giấy, Hà Nội', 0, 'William Betz', '2022-03-04 15:28:40', 'Gerry Blair', '2023-03-31 08:20:34', 0, NULL, NULL, NULL, NULL, NULL, NULL, NULL, NULL, NULL, NULL, NULL, NULL, NULL, NULL, NULL, NULL, NULL, NULL, NULL, NULL, NULL, NULL),
('5d104629-56c9-1241-daab-8b7af6721bcf', 'NCC-87656', '627379', 'Microsoft Corporation', '2547877978', NULL, NULL, 'Ngõ 15 Duy Tân, quận Cầu Giấy, Hà Nội', 1, NULL, NULL, 'Roman Allison', '2023-01-21 03:11:19', 0, NULL, NULL, NULL, NULL, NULL, NULL, NULL, NULL, NULL, NULL, NULL, NULL, NULL, NULL, NULL, NULL, NULL, NULL, NULL, NULL, NULL, NULL),
('5e51fdc9-1ca5-7fcd-f3f6-092cdb0ab5e8', 'NCC-55841', '058984', 'Walmart Inc', '4582992721', NULL, NULL, '9 Ng.4 P.Duy Tân, Dịch Vọng Hậu, Cầu Giấy, Hà Nội', 1, 'Adolph Doyle', '2022-01-01 01:58:12', 'Classie Teague', '2023-01-01 01:48:30', 1, NULL, NULL, NULL, NULL, NULL, NULL, NULL, NULL, NULL, NULL, NULL, NULL, NULL, NULL, NULL, NULL, NULL, NULL, NULL, NULL, NULL, NULL),
('5e684261-4024-5171-d4a7-99e7765afd72', 'NCC-98382', '630158', 'Microsoft Corporation', '2663904917', NULL, NULL, '9 Ng.4 P.Duy Tân, Dịch Vọng Hậu, Cầu Giấy, Hà Nội', 0, 'Kimberly Zavala', '2022-07-12 20:37:16', 'Alden Torres', '2023-07-06 16:16:59', 1, NULL, NULL, NULL, NULL, NULL, NULL, NULL, NULL, NULL, NULL, NULL, NULL, NULL, NULL, NULL, NULL, NULL, NULL, NULL, NULL, NULL, NULL),
('60e353a5-58e0-5144-d8ab-8b7af6721bcf', 'NCC-78926', '731640', 'Walmart Inc', '8101585247', NULL, NULL, 'Ngõ 15 Duy Tân, quận Cầu Giấy, Hà Nội', 1, 'Alethea Ma', '2022-09-19 22:54:42', 'Antonio Leung', '2023-05-31 03:05:25', 0, NULL, NULL, NULL, NULL, NULL, NULL, NULL, NULL, NULL, NULL, NULL, NULL, NULL, NULL, NULL, NULL, NULL, NULL, NULL, NULL, NULL, NULL),
('624931ba-7578-7969-a466-43a328b17837', 'NCC-13682', '031632', 'Walmart Inc', '0141757280', NULL, NULL, 'Ngõ 15 Duy Tân, quận Cầu Giấy, Hà Nội', 0, 'Gabriella Hardin', '2022-01-01 00:00:07', 'Sana Dick', '2023-02-26 23:18:46', 1, NULL, NULL, NULL, NULL, NULL, NULL, NULL, NULL, NULL, NULL, NULL, NULL, NULL, NULL, NULL, NULL, NULL, NULL, NULL, NULL, NULL, NULL),
('627a8c9b-723f-4bfb-bf28-500cc65bc3d2', 'NCC-867', '424567', 'fwerw', NULL, NULL, 'f0bfad41-e359-468a-9712-dde607cd5df3', NULL, 0, NULL, '2023-07-30 10:32:03', NULL, NULL, NULL, NULL, NULL, NULL, NULL, NULL, NULL, NULL, NULL, NULL, NULL, NULL, NULL, NULL, NULL, NULL, NULL, NULL, NULL, NULL, NULL, NULL, NULL),
('629d287a-406b-4f35-eef6-092cdb0ab5e8', 'NCC-78655', '219802', 'Walmart Inc ', '5401987234', 'http', NULL, '9 Ng.4 P.Duy Tân, Dịch Vọng Hậu, Cầu Giấy, Hà Nội', 0, 'Kristel Duncan', '2023-02-16 03:54:48', NULL, NULL, 1, NULL, NULL, NULL, NULL, NULL, NULL, NULL, NULL, NULL, NULL, NULL, NULL, NULL, NULL, NULL, NULL, NULL, NULL, NULL, NULL, NULL, NULL),
('62effc06-9de1-4ae0-b223-cc3bea340784', 'NCC-223426', 'sdfsd', 'sdfsd', NULL, NULL, NULL, NULL, 0, NULL, '2023-08-09 15:15:22', NULL, NULL, NULL, NULL, NULL, NULL, NULL, NULL, NULL, NULL, NULL, NULL, NULL, NULL, NULL, NULL, NULL, NULL, NULL, NULL, NULL, NULL, NULL, NULL, NULL),
('641eb0d6-1506-74b9-2adc-88a3ac8a3bba', 'NCC-68170', '198635', 'Walmart Inc', '6011472058', NULL, NULL, 'Ngõ 15 Duy Tân, quận Cầu Giấy, Hà Nội', 0, 'Ashlyn Palma', '2022-07-12 21:18:54', 'Lavone Peak', '2023-02-19 06:06:56', 1, NULL, NULL, NULL, NULL, NULL, NULL, NULL, NULL, NULL, NULL, NULL, NULL, NULL, NULL, NULL, NULL, NULL, NULL, NULL, NULL, NULL, NULL),
('6737a48e-36e0-26f6-d9ab-8b7af6721bcf', 'NCC-83365', '173865', 'Alphabet Inc', '3962526735', NULL, NULL, '9 Ng.4 P.Duy Tân, Dịch Vọng Hậu, Cầu Giấy, Hà Nội', 1, 'Bernardine Edmonds', '2022-01-01 00:38:36', 'Bertram Cartwright', '2023-06-14 22:33:16', 0, NULL, NULL, NULL, NULL, NULL, NULL, NULL, NULL, NULL, NULL, NULL, NULL, NULL, NULL, NULL, NULL, NULL, NULL, NULL, NULL, NULL, NULL),
('69827ce8-2a62-31e0-bc47-901f27b89d18', 'NCC-16943', '348413', 'Microsoft Corporation', '4726469573', NULL, NULL, 'Ngõ 15 Duy Tân, quận Cầu Giấy, Hà Nội', 1, 'Aubrey Abernathy', '2023-01-16 17:57:04', NULL, NULL, 0, NULL, NULL, NULL, NULL, NULL, NULL, NULL, NULL, NULL, NULL, NULL, NULL, NULL, NULL, NULL, NULL, NULL, NULL, NULL, NULL, NULL, NULL),
('70b6bbaf-03c7-4bff-9192-e9421da28b5b', 'NCC-43522', '1312312', 'djflsf', '2342342342', 'ưerwerwer', '42a13e31-2abb-6171-dc1d-086412a8ea97', 'dsfsdfasdfsdaf', 0, NULL, '2023-08-09 14:38:04', NULL, NULL, 0, NULL, 'dfasdf', 'anh@gmail.com', '324234', 'sfsdfsdf', 'Bà', '\nThời sựThứ tư, 9/8/2023, 12:19 (GMT+7)\nNguyên Giám đốc CDC Thừa Thiên Huế trở lại làm việc sau hơn một năm bị tạm giam\nTHỪA THIÊN - HUẾÔng Hoàng Văn Đức, 53 tuổi, nguyên Giám đốc CDC tỉnh Thừa Thiên Huế, được Sở Y tế tiếp nhận làm việc trở lại sau khi hết thời gian tạm giam.\n\nChánh văn phòng Sở Y tế tỉnh Thừa Thiên Huế Thái Văn Tuấn cho biết thông tin trên, sáng 9/8. Đơn vị cũng tiếp nhận ông Hà Thúc Nhật, 40 tuổi, Trưởng phòng kế toán CDC Thừa Thiên Huế quay trở lại đơn vị công tác.\n\nTheo Chánh văn phòng Sở, ông Đức và ông Nhật được bố trí làm việc tại CDC Thừa Thiên Huế từ ngày 8/8, do Cơ quan cảnh sát điều tra, Công an tỉnh Thừa Thiên Huế đã quyết định tạm đình chỉ điều tra đối với hai người này.\n\nTháng 2/2022, ông Hoàng Văn Đức và ông Hà Thúc Nhật bị Cơ quan Cảnh sát điều tra Công an tỉnh Thừa Thiên Huế khởi tố, bắt tạm giam để điều tra tội Vi phạm quy định về đấu thầu gây hậu quả nghiêm trọng, liên quan đến vụ án Công ty Việt Á.\n\nCảnh sát xác định, ông Đức và Nhật có nhiều sai ph', 'RP-0008', '64ce1aa0-e175-4e8b-a4d0-cba90aa432a0', NULL, 121323, 234234234.00, 'Việt Nam', 'Hải Phòng', 'Huyện An Dương', 'An Hòa', NULL, NULL, NULL, NULL, NULL, NULL),
('71f3b0b4-2220-352d-ecf2-17995bf2968c', 'NCC-75395', '719123', 'Kweichow Moutai Co., Ltd.', '2882132257', NULL, NULL, 'Ngõ 15 Duy Tân, quận Cầu Giấy, Hà Nội', 1, 'Leslie Abbott', '2022-08-24 11:09:35', 'Ned Benner', '2023-06-26 05:54:42', 0, NULL, NULL, NULL, NULL, NULL, NULL, NULL, NULL, NULL, NULL, NULL, NULL, NULL, NULL, NULL, NULL, NULL, NULL, NULL, NULL, NULL, NULL),
('720b07dc-3ae9-14b6-2ddc-88a3ac8a3bba', 'NCC-41057', '333955', 'Walmart Inc', '3973008800', NULL, NULL, NULL, 1, 'Taisha Brower', '2022-01-01 00:00:10', 'Ina Jacobson', '2023-04-02 18:59:30', 1, NULL, NULL, NULL, NULL, NULL, NULL, NULL, NULL, NULL, NULL, NULL, NULL, NULL, NULL, NULL, NULL, NULL, NULL, NULL, NULL, NULL, NULL),
('764ada18-4e51-78a3-ddab-8b7af6721bcf', 'NCC-88725', '953648', 'Kweichow Moutai Co., Ltd.', '3595294593', NULL, NULL, 'Ngõ 15 Duy Tân, quận Cầu Giấy, Hà Nội', 0, NULL, NULL, 'Dakota Wills', '2023-02-08 17:48:44', 0, NULL, NULL, NULL, NULL, NULL, NULL, NULL, NULL, NULL, NULL, NULL, NULL, NULL, NULL, NULL, NULL, NULL, NULL, NULL, NULL, NULL, NULL),
('76b970ae-70a0-32ec-b7b1-c1540d491251', 'NCC-63145', '224588', 'Walmart Inc', '4575997379', NULL, NULL, '9 Ng.4 P.Duy Tân, Dịch Vọng Hậu, Cầu Giấy, Hà Nội', 1, 'Junko Godwin', '2022-05-26 06:04:12', NULL, NULL, NULL, NULL, NULL, NULL, NULL, NULL, NULL, NULL, NULL, NULL, NULL, NULL, NULL, NULL, NULL, NULL, NULL, NULL, NULL, NULL, NULL, NULL, NULL),
('77768f95-5f62-1a3e-d3a7-99e7765afd72', 'NCC-59074', '720961', 'Alphabet Inc', '9455504210', NULL, NULL, '9 Ng.4 P.Duy Tân, Dịch Vọng Hậu, Cầu Giấy, Hà Nội', 0, 'Aida Batson', '2022-04-07 16:39:28', 'Kendrick Abreu', '2023-02-17 03:12:18', 0, NULL, NULL, NULL, NULL, NULL, NULL, NULL, NULL, NULL, NULL, NULL, NULL, NULL, NULL, NULL, NULL, NULL, NULL, NULL, NULL, NULL, NULL),
('77dbb274-6b5a-1330-dfab-8b7af6721bcf', 'NCC-31346', '329085', 'Microsoft Corporation', '0926083506', NULL, NULL, 'Ngõ 15 Duy Tân, quận Cầu Giấy, Hà Nội', 0, 'Hoyt Berube', '2022-08-25 00:12:11', 'Lionel Partin', '2023-01-01 00:37:28', 0, NULL, NULL, NULL, NULL, NULL, NULL, NULL, NULL, NULL, NULL, NULL, NULL, NULL, NULL, NULL, NULL, NULL, NULL, NULL, NULL, NULL, NULL),
('781d6c78-3231-362a-a666-43a328b17837', 'NCC-97525', '184521', 'Kweichow Moutai Co., Ltd.', '0156807985', NULL, NULL, '9 Ng.4 P.Duy Tân, Dịch Vọng Hậu, Cầu Giấy, Hà Nội', 0, NULL, NULL, NULL, NULL, NULL, NULL, NULL, NULL, NULL, NULL, NULL, NULL, NULL, NULL, NULL, NULL, NULL, NULL, NULL, NULL, NULL, NULL, NULL, NULL, NULL, NULL, NULL),
('782fe84d-1225-4dd8-eef2-17995bf2968c', 'NCC-92007', '994912', 'Kweichow Moutai Co., Ltd.', '6701627634', NULL, NULL, NULL, 0, 'Corinne Abraham', '2022-01-01 00:01:13', 'Berry Demers', '2023-03-03 19:06:58', 1, NULL, NULL, NULL, NULL, NULL, NULL, NULL, NULL, NULL, NULL, NULL, NULL, NULL, NULL, NULL, NULL, NULL, NULL, NULL, NULL, NULL, NULL),
('796fb75a-1d7c-15bd-d0a7-99e7765afd72', 'NCC-18607', '501852', 'Microsoft Corporation', '4807993463', NULL, NULL, 'Ngõ 15 Duy Tân, quận Cầu Giấy, Hà Nội', 0, 'Harland Furr', '2022-09-24 07:26:31', 'Adela Geary', '2023-05-14 22:28:39', 0, NULL, NULL, NULL, NULL, NULL, NULL, NULL, NULL, NULL, NULL, NULL, NULL, NULL, NULL, NULL, NULL, NULL, NULL, NULL, NULL, NULL, NULL),
('7a129071-2752-5944-e0ab-8b7af6721bcf', 'NCC-46384', '084438', 'Microsoft Corporation', '9470232331', NULL, NULL, '9 Ng.4 P.Duy Tân, Dịch Vọng Hậu, Cầu Giấy, Hà Nội', 0, 'Reinaldo Boudreau', '2022-01-01 00:11:19', 'Erlinda Butcher', '2023-01-01 00:00:08', 1, NULL, NULL, NULL, NULL, NULL, NULL, NULL, NULL, NULL, NULL, NULL, NULL, NULL, NULL, NULL, NULL, NULL, NULL, NULL, NULL, NULL, NULL),
('7b83f941-79d0-4dbe-bda4-8579b757696c', 'NC-14634', '2352345', 'sdfs', NULL, NULL, 'f0bfad41-e359-468a-9712-dde607cd5df3', NULL, 0, NULL, '2023-07-30 12:43:25', NULL, NULL, NULL, NULL, NULL, NULL, NULL, NULL, NULL, NULL, NULL, NULL, NULL, NULL, NULL, NULL, NULL, NULL, NULL, NULL, NULL, NULL, NULL, NULL, NULL),
('7c633ecb-3bc3-7edf-f0f2-17995bf2968c', 'NCC-90666', '548368', 'Kweichow Moutai Co., Ltd.', '4655729442', NULL, NULL, 'Ngõ 15 Duy Tân, quận Cầu Giấy, Hà Nội', 0, NULL, NULL, 'Carlena Peterman', '2023-01-01 01:44:10', 1, NULL, NULL, NULL, NULL, NULL, NULL, NULL, NULL, NULL, NULL, NULL, NULL, NULL, NULL, NULL, NULL, NULL, NULL, NULL, NULL, NULL, NULL),
('7c6369f2-18d3-679e-d7ab-8b7af6721bcf', 'NCC-23226', '941616', 'MISA', '2430475185', NULL, NULL, '9 Ng.4 P.Duy Tân, Dịch Vọng Hậu, Cầu Giấy, Hà Nội', 1, 'Nedra Lewis', '2022-08-30 19:07:36', NULL, NULL, 0, NULL, NULL, NULL, NULL, NULL, NULL, NULL, NULL, NULL, NULL, NULL, NULL, NULL, NULL, NULL, NULL, NULL, NULL, NULL, NULL, NULL, NULL),
('7e29c203-4ff4-2675-1691-0af2c7f2a1a0', 'NCC-22103', '163272', 'Microsoft Corporation', '5855185087', NULL, NULL, '9 Ng.4 P.Duy Tân, Dịch Vọng Hậu, Cầu Giấy, Hà Nội', 0, 'Abe Doan', '2022-12-10 05:47:35', 'Alexa Abraham', '2023-06-16 13:46:03', 1, NULL, NULL, NULL, NULL, NULL, NULL, NULL, NULL, NULL, NULL, NULL, NULL, NULL, NULL, NULL, NULL, NULL, NULL, NULL, NULL, NULL, NULL),
('7e951f52-34a1-2e20-cda7-99e7765afd72', 'NCC-19415', '937456', 'Walmart Inc', '8244651573', NULL, NULL, '9 Ng.4 P.Duy Tân, Dịch Vọng Hậu, Cầu Giấy, Hà Nội', 1, 'Abel Eddy', '2022-01-01 02:16:18', 'Riley Negrete', '2023-01-01 00:04:59', 0, NULL, NULL, NULL, NULL, NULL, NULL, NULL, NULL, NULL, NULL, NULL, NULL, NULL, NULL, NULL, NULL, NULL, NULL, NULL, NULL, NULL, NULL),
('7fe66e5d-6151-3077-d692-0ed10b503732', 'NCC-22570', '368265', 'Microsoft Corporation', '5852370340', NULL, NULL, NULL, 0, 'Corey Jolley', '2022-05-27 08:41:20', 'Annett Abraham', '2023-01-31 10:46:32', 0, NULL, NULL, NULL, NULL, NULL, NULL, NULL, NULL, NULL, NULL, NULL, NULL, NULL, NULL, NULL, NULL, NULL, NULL, NULL, NULL, NULL, NULL),
('8401632d-25f6-4f4a-bcdf-c45d546a3432', 'NCC-223431', '2342332', 'ewrwefsdfsd', NULL, NULL, NULL, NULL, 0, NULL, '2023-08-09 16:03:22', NULL, NULL, NULL, NULL, NULL, NULL, NULL, NULL, NULL, NULL, NULL, NULL, NULL, NULL, NULL, NULL, NULL, NULL, NULL, NULL, NULL, NULL, NULL, NULL, NULL),
('86c32d9e-275d-4e5b-94a2-27f0260f1c16', 'NCC-223424', '2342342', 'djfljsdhfs', NULL, NULL, NULL, NULL, 0, NULL, '2023-08-09 15:13:47', NULL, NULL, NULL, NULL, NULL, NULL, NULL, NULL, NULL, NULL, NULL, NULL, NULL, NULL, NULL, NULL, NULL, NULL, NULL, NULL, NULL, NULL, NULL, NULL, NULL),
('894aa4aa-62b6-45a6-a40f-ad24bc5789f9', 'NC-342', NULL, 'sdfasdf', NULL, NULL, 'f0bfad41-e359-468a-9712-dde607cd5df3', NULL, 0, NULL, '2023-07-30 12:37:54', NULL, NULL, NULL, NULL, NULL, NULL, NULL, NULL, 'Bà', NULL, NULL, NULL, NULL, NULL, NULL, NULL, NULL, NULL, NULL, NULL, NULL, NULL, NULL, NULL, NULL),
('8e811483-1fbd-442e-8fb3-64a53068e0b2', 'NCC-223425', '2423423', 'sfsdfsd', NULL, NULL, NULL, NULL, 0, NULL, '2023-08-09 15:14:51', NULL, NULL, NULL, NULL, NULL, NULL, NULL, NULL, NULL, NULL, NULL, NULL, NULL, NULL, NULL, NULL, NULL, NULL, NULL, NULL, NULL, NULL, NULL, NULL, NULL),
('8fd88a77-4d10-425e-9a6e-c2de9b214bb1', 'NCC-6422', '32545654', 'tesst bank', NULL, NULL, 'ffccc669-7403-4761-9b98-24ead0ae2466', NULL, 0, NULL, '2023-07-30 22:49:25', NULL, NULL, NULL, NULL, NULL, NULL, NULL, NULL, NULL, NULL, NULL, NULL, NULL, NULL, NULL, NULL, NULL, NULL, NULL, NULL, NULL, NULL, NULL, NULL, NULL),
('974078f5-9755-4f2a-a15d-52593c6a0c0a', 'NCC-223423', NULL, 'sdfsdfa', NULL, NULL, NULL, NULL, 0, NULL, '2023-08-09 14:17:05', NULL, NULL, 1, NULL, NULL, NULL, NULL, NULL, NULL, NULL, NULL, NULL, NULL, 0, 0.00, 'Việt Nam', 'Hà Nội', 'Huyện Ba Vì', 'Phú Châu', NULL, NULL, NULL, NULL, NULL, NULL),
('9896f4a5-1f17-46d2-9907-9b1273a3a1e1', 'NCC-223430', '121212', 'fdfg', NULL, NULL, NULL, NULL, 0, NULL, '2023-08-09 16:01:39', NULL, NULL, NULL, NULL, NULL, 'đáasadddddddddddddddddddddddddddddddddddddddddddddddddddddddddddddddddddddddddddddddddddddddddddddww', NULL, NULL, NULL, NULL, NULL, NULL, NULL, NULL, NULL, NULL, NULL, NULL, NULL, NULL, NULL, NULL, NULL, NULL, NULL),
('a9878347-73e1-4a09-b71b-8a01839f4bb2', 'NCC-223434', NULL, 'sdfs', NULL, NULL, NULL, NULL, 0, NULL, '2023-08-09 23:30:12', NULL, NULL, NULL, NULL, NULL, NULL, NULL, NULL, NULL, NULL, 'RP-0001', NULL, NULL, 3, 0.00, NULL, NULL, NULL, NULL, NULL, NULL, NULL, NULL, NULL, NULL),
('b2996b97-a134-4ce7-b1c8-93e527f0a804', 'string', NULL, 'string', NULL, NULL, NULL, NULL, 0, NULL, '2023-07-31 13:46:45', NULL, NULL, NULL, NULL, NULL, NULL, NULL, NULL, NULL, NULL, NULL, NULL, NULL, NULL, NULL, NULL, NULL, NULL, NULL, NULL, NULL, NULL, NULL, NULL, NULL),
('b68c1c27-0089-47d1-8211-ba0bb66dbd3c', 'NCC-55555', '456456', 'Nhà cung cấp 01', '05464545664', NULL, NULL, 'Hà Nội', 0, NULL, '2023-08-06 20:31:52', NULL, NULL, NULL, NULL, NULL, NULL, NULL, NULL, NULL, NULL, NULL, NULL, NULL, NULL, NULL, 'Việt Nam', 'Hà Nội', 'Huyện Ba Vì', 'Phú Cường', NULL, NULL, NULL, NULL, NULL, NULL),
('c8901983-c857-4fe4-b8df-b42421987feb', 'NCC-223428', '1312312', 'djflsf', '2342342342', 'ưerwerwer', '42a13e31-2abb-6171-dc1d-086412a8ea97', 'dsfsdfasdfsdaf', 0, NULL, '2023-08-09 15:25:50', NULL, NULL, 0, NULL, 'dfasdf', 'anh@gmail.com', '324234', 'sfsdfsdf', 'Bà', '\nThời sựThứ tư, 9/8/2023, 12:19 (GMT+7)\nNguyên Giám đốc CDC Thừa Thiên Huế trở lại làm việc sau hơn một năm bị tạm giam\nTHỪA THIÊN - HUẾÔng Hoàng Văn Đức, 53 tuổi, nguyên Giám đốc CDC tỉnh Thừa Thiên Huế, được Sở Y tế tiếp nhận làm việc trở lại sau khi hết thời gian tạm giam.\n\nChánh văn phòng Sở Y tế tỉnh Thừa Thiên Huế Thái Văn Tuấn cho biết thông tin trên, sáng 9/8. Đơn vị cũng tiếp nhận ông Hà Thúc Nhật, 40 tuổi, Trưởng phòng kế toán CDC Thừa Thiên Huế quay trở lại đơn vị công tác.\n\nTheo Chánh văn phòng Sở, ông Đức và ông Nhật được bố trí làm việc tại CDC Thừa Thiên Huế từ ngày 8/8, do Cơ quan cảnh sát điều tra, Công an tỉnh Thừa Thiên Huế đã quyết định tạm đình chỉ điều tra đối với hai người này.\n\nTháng 2/2022, ông Hoàng Văn Đức và ông Hà Thúc Nhật bị Cơ quan Cảnh sát điều tra Công an tỉnh Thừa Thiên Huế khởi tố, bắt tạm giam để điều tra tội Vi phạm quy định về đấu thầu gây hậu quả nghiêm trọng, liên quan đến vụ án Công ty Việt Á.\n\nCảnh sát xác định, ông Đức và Nhật có nhiều sai ph', 'RP-0008', '64ce1aa0-e175-4e8b-a4d0-cba90aa432a0', NULL, 121323, 234234234.00, 'Việt Nam', 'Hải Phòng', 'Huyện An Dương', 'An Hòa', NULL, NULL, NULL, NULL, NULL, NULL),
('f0803a24-c1d5-4944-a013-e800cd5b64ab', 'NCC-35453', '876745', 'cá nhân', '87678768768', 'website', '63bcf528-48d2-4f46-9e69-43e1c2d4afe6', 'hà nội', 1, NULL, '2023-08-06 20:19:46', NULL, NULL, NULL, NULL, 'anh', 'anh@gmail.com', NULL, NULL, 'Anh', 'dfgdfgdfg', 'RP-0002', '64ce1aa0-e175-4e8b-a4d0-cba90aa432a0', NULL, 10, 1000.00, 'Việt Nam', 'Hải Phòng', 'Huyện An Dương', 'An Đồng', NULL, NULL, NULL, NULL, NULL, NULL),
('fe435469-2e21-4936-8548-fa36a5c9340a', 'NCC-1212', NULL, 'string', NULL, NULL, NULL, NULL, 0, NULL, '2023-07-31 15:12:17', NULL, NULL, NULL, NULL, NULL, NULL, NULL, NULL, NULL, NULL, NULL, NULL, NULL, NULL, NULL, NULL, NULL, NULL, NULL, NULL, NULL, NULL, NULL, NULL, NULL);

-- 
-- Dumping data for table account
--
INSERT INTO account VALUES
('0352133f-63ce-4832-90e3-ef529134d1ca', '116', 'dssf', NULL, NULL, 1, 3, NULL, 1, 1, 1, NULL, NULL, '2023-07-24 15:06:45', NULL, 0),
('03965108-499c-489c-861a-04685f65e6eb', '1162', 'Giao dịch đất', 'Cash', NULL, 1, 0, '0352133f-63ce-4832-90e3-ef529134d1ca', 2, 0, 0, NULL, NULL, '2023-07-24 15:12:58', NULL, 1),
('0b559878-de84-4804-8a1e-ee45a31196a1', '555', 'Tài khoản nhà cung cấp', NULL, NULL, 1, 1, NULL, 1, 0, 1, '2023-08-06 20:32:29', NULL, NULL, NULL, 0),
('0d2ee2e5-636a-49f7-9233-d627a55fbcc0', '115', 'dsfsd', NULL, NULL, 1, 0, NULL, 1, 1, 1, NULL, NULL, '2023-07-24 21:45:38', NULL, 2),
('1d9d1c9b-1e89-4575-87cd-fef7eb686570', '1112', 'Giao dịch nhà', 'Cash', NULL, 1, 3, 'f79dec59-9d41-4d4f-bfea-c6a5c1450f34', 2, 1, 0, NULL, NULL, '2023-07-24 15:12:39', NULL, 2),
('23968d6c-27e6-4c0c-93a0-9aeaa26a926d', '1121', 'test', NULL, NULL, 1, 1, '6f6fdd32-0aaa-4d2f-8f6b-bbc3d91d9478', 2, 1, 0, '2023-07-24 15:24:43', NULL, NULL, NULL, 0),
('3569cda0-77e9-425f-92c6-7d1a57855480', '666', 'Tài khoản tất cả', NULL, NULL, 1, 1, NULL, 1, 0, 1, '2023-08-06 20:32:49', NULL, NULL, NULL, NULL),
('46db1d62-91e8-4084-a50e-ff8358d2470f', '123', 'tài khoản thu chi', NULL, 'ói trước công chúng là một hình thức nghệ thuật đòi hỏi sự chuẩn bị và thực hành cẩn thận. Những người thực hiện chúng một cách bài bản và chuyên nghiệp được gọi là diễn giả. Mỗi người đều mang trong mình một sứ mệnh và họ là người lan tỏa những thông điệp tốt đẹp đến công chúng. Vậy cụ thể diễn giả là gì? Cùng theo chân Glints để tìm hiểu rõ hơn về công việc này nhé!', 0, 1, NULL, 1, 0, 1, '2023-08-12 17:08:50', NULL, NULL, NULL, NULL),
('64ce1aa0-e175-4e8b-a4d0-cba90aa432a0', '1118', 'Tiền cố định', 'constant money', NULL, 1, 0, 'f79dec59-9d41-4d4f-bfea-c6a5c1450f34', 2, 1, 0, NULL, NULL, '2023-07-25 08:54:12', NULL, 0),
('654cc88b-b296-4bc0-9dff-3506f65a38a9', '114', 'Đầu tư', '', NULL, 1, 1, NULL, 1, 1, 1, '2023-07-24 15:03:08', NULL, NULL, NULL, 1),
('6ebb81c0-d543-4a63-bf63-4daf1b6fe294', '111532', 'dsfsd', NULL, NULL, 1, 1, 'e2167b0b-4ef4-4ffe-aa49-119e840e47f1', 4, 0, 0, '2023-08-07 08:29:34', NULL, NULL, NULL, NULL),
('6f6fdd32-0aaa-4d2f-8f6b-bbc3d91d9478', '112', 'Giao dịch', 'Change', NULL, 1, 1, NULL, 1, 1, 1, NULL, NULL, '2023-07-24 21:20:40', NULL, 2),
('70fb9e09-a2d0-4d37-a233-8344b06f0534', '1115', 'Tiền nhà', 'cash house', NULL, 1, 2, 'f79dec59-9d41-4d4f-bfea-c6a5c1450f34', 2, 1, 0, '2023-07-24 14:58:34', NULL, NULL, NULL, NULL),
('7686e151-3d90-43d5-ae72-4b633395d3cd', '1151', 'dfsf', NULL, NULL, 1, 1, '0d2ee2e5-636a-49f7-9233-d627a55fbcc0', 2, 0, 0, '2023-07-24 15:04:14', NULL, NULL, NULL, 2),
('7b8cf549-18df-4371-8c57-0e5552020f0f', '11121', 'dự trữ', NULL, NULL, 0, 2, '1d9d1c9b-1e89-4575-87cd-fef7eb686570', 3, 0, 0, '2023-08-12 17:27:55', NULL, NULL, NULL, NULL),
('81c89829-66e2-45c1-b12a-be8d69c254b8', '777', 'Tài khoản nhân viên', NULL, NULL, 1, 1, NULL, 1, 0, 1, '2023-08-06 20:33:06', NULL, NULL, NULL, 2),
('98b021a2-7b8c-4e68-8b35-76830f454030', '11154', 'sdfs', NULL, NULL, 1, 1, '70fb9e09-a2d0-4d37-a233-8344b06f0534', 3, 0, 0, '2023-07-24 15:11:35', NULL, NULL, NULL, NULL),
('9c63abeb-7ea1-491e-b030-9271fe3ca0a2', '11181', 'Tiền lưu động', 'dynamic money', NULL, 1, 1, '64ce1aa0-e175-4e8b-a4d0-cba90aa432a0', 3, 0, 0, '2023-07-24 20:31:19', NULL, NULL, NULL, NULL),
('a7c83499-6a04-4f17-aff0-84b0bf9ae6ba', '164', 'test', 'dfgfg', NULL, 1, 1, NULL, 1, 0, 1, '2023-07-30 15:54:15', NULL, NULL, NULL, 1),
('ac6d54de-70ca-4559-9820-fc4c228218e8', '1122', 'gfdhgfd', 'gfxhgfdxhgfx', 'huihui', 1, 0, '6f6fdd32-0aaa-4d2f-8f6b-bbc3d91d9478', 2, 0, 0, '2023-08-01 16:26:32', NULL, NULL, NULL, 2),
('ac949f0f-3bd7-4ac3-b0f7-2ec7f7e9aec6', '456', 'Giao dịch', NULL, NULL, 1, 0, NULL, 1, 0, 1, '2023-08-04 10:42:54', NULL, NULL, NULL, 0),
('b17a0019-c4bd-40e0-a6f9-c99b1bc840f3', '1166', 'dsfsd', NULL, NULL, 1, 2, '0352133f-63ce-4832-90e3-ef529134d1ca', 2, 0, 0, '2023-07-24 20:32:21', NULL, NULL, NULL, NULL),
('bd147ba9-dd4f-43ad-94c9-abac109dc018', '678', 'Bất động sản', NULL, NULL, 1, 2, NULL, 1, 0, 1, '2023-07-27 20:25:30', NULL, NULL, NULL, 1),
('cfb79cab-afec-48d2-8579-eb6424422bd1', '1161', 'sdsf', NULL, NULL, 1, 1, '0352133f-63ce-4832-90e3-ef529134d1ca', 2, 0, 0, '2023-07-24 15:05:58', NULL, NULL, NULL, NULL),
('e2167b0b-4ef4-4ffe-aa49-119e840e47f1', '11153', 'Tiền giao dịch', 'Cash', NULL, 1, 1, '70fb9e09-a2d0-4d37-a233-8344b06f0534', 3, 1, 0, '2023-07-24 15:02:12', NULL, NULL, NULL, NULL),
('e3a39bd0-a7ae-4f88-9f57-3bb5b540340b', '234', 'quản lý kho bạc', NULL, NULL, 0, 2, NULL, 1, 0, 1, '2023-08-12 17:26:52', NULL, NULL, NULL, NULL),
('e7e641c2-9012-40a5-8c83-3c736c73b300', '11211', 'test 1', NULL, NULL, 1, 1, '23968d6c-27e6-4c0c-93a0-9aeaa26a926d', 3, 0, 0, '2023-07-24 20:31:51', NULL, NULL, NULL, NULL),
('f79dec59-9d41-4d4f-bfea-c6a5c1450f34', '111', 'Tiền mặt', 'Cash1234', NULL, 1, 2, NULL, 1, 1, 1, NULL, NULL, '2023-08-06 20:25:49', NULL, 1),
('f8b03520-b635-45ee-8524-deaf44cd358b', '1141', 'Đầu tư đất', NULL, NULL, 1, 2, '654cc88b-b296-4bc0-9dff-3506f65a38a9', 2, 0, 0, '2023-07-24 15:03:30', NULL, NULL, NULL, NULL);

-- 
-- Dumping data for table receipt
--
INSERT INTO receipt VALUES
('0319dca8-9b14-4118-b8b5-b5deb70aa922', 'PC2344', 'sdfs', NULL, 'bb999deb-f6cd-487f-96d0-e68cf196b33b', NULL, '2fcb7799-a066-410c-9676-d4d52d3816b0', 'dsfsdf', 'sfsd', 2, '2023-08-05 00:00:00', '2023-08-05 00:00:00', 0.0000, '2023-08-05 22:19:42', NULL, NULL, NULL, 1, 'NCC-323423'),
('118efe22-6986-45bc-cb8e-91641f901785', 'PC18375', 'Chi tiền cho 7682', 0, NULL, 'Lessingstraße 53a', '1ae4f1d0-48f9-3cac-2cdc-88a3ac8a3bba', 'Microsoft', 'Josia Zeiger', 3, '2022-02-10 01:32:46', '2020-01-01 00:01:02', 0.0000, '2022-07-18 06:49:05', 'Adelaida Ackerman', '2023-06-01 06:55:15', 'Wayne Burkhart', 0, NULL),
('12f2f635-1fd5-69fa-35d5-e67412897f07', 'PC85385', NULL, 0, NULL, NULL, '1f6428fc-3a0a-5d80-dcab-8b7af6721bcf', NULL, NULL, NULL, NULL, NULL, NULL, '2022-01-01 01:07:25', NULL, NULL, NULL, 0, NULL),
('19e1e3b6-1e51-2b33-c9f8-e7b6e99669ce', 'PC32391', 'Chi tiền cho 2955', 0, NULL, 'Görresstraße 1', '01aad493-1f24-44c2-96a5-f2ab28e4a0a8', 'Redhat', 'Aurion  icolai', 3, '2022-06-06 00:39:48', '2021-07-18 17:44:56', 0.0000, '2023-06-08 15:12:34', 'Gerri Cody', '2023-06-29 23:35:23', 'Abbie Bauman', 0, NULL),
('1a553222-5c8f-59cc-dacd-ac7bb5e819a0', 'PC17808', 'Chi tiền cho 8572', 0, NULL, 'Arnulfstraße 38', '01aad493-1f24-44c2-96a5-f2ab28e4a0a8', 'MISA', 'Lieas bermeyer', 9, '2023-01-10 21:48:36', '2020-07-09 11:00:01', 0.0000, '2022-11-17 19:44:16', 'Adam Cole', NULL, 'Jeremy Daniel', 0, NULL),
('1a7aa26b-3750-6ae7-d4cd-ac7bb5e819a0', 'PC45289', 'Chi tiền cho 5311', 0, NULL, 'Bahnhofplatz 2', '01aad493-1f24-44c2-96a5-f2ab28e4a0a8', 'Microsoft', 'Yakira osenblatt', 3, '2023-06-24 03:51:19', '2020-02-24 00:28:18', 0.0000, '2022-09-29 22:43:28', 'Nelda Berube', '2022-01-01 00:10:32', 'Bernita Oldham', 0, NULL),
('1af55ce4-1cab-6948-b143-13b33af87d6b', 'PC42551', 'Chi tiền cho 6564', 0, NULL, 'Hanebergstraße 9', '1f433c09-5d64-37ae-f9f6-092cdb0ab5e8', 'MISA', 'Brisko lehwe', 16, '2022-05-07 07:37:02', '2020-08-29 13:59:28', 0.0000, '2022-10-12 07:08:44', 'Terrell Acker', '2023-01-03 06:49:50', 'Lana Gooch', 0, NULL),
('1b857028-4850-3bc7-4a20-6526f7201921', 'PC69435', 'Chi tiền cho 5853', 0, NULL, 'Isartorplatz 78', '1f433c09-5d64-37ae-f9f6-092cdb0ab5e8', 'Redhat', 'Gustl Bilderling', 2, '2023-05-22 16:03:06', '2021-04-12 10:34:54', 0.0000, '2022-01-01 00:00:13', 'Valery Lawler', '2023-07-07 12:40:07', 'Wilber Clemmons', 0, NULL),
('1d0bf9b2-3ea8-3408-e243-6668ce2e03e8', 'PC63737', 'Chi tiền cho 2551', 0, NULL, 'Malsenstraße 2e', '01aad493-1f24-44c2-96a5-f2ab28e4a0a8', 'Redhat', 'Annea ritzel', 3, '2022-09-10 07:31:52', '2021-02-17 11:04:45', 0.0000, NULL, 'Antonette Alexander', '2023-01-29 21:02:58', 'Alexandra Hull', 0, NULL),
('1d9080a1-7c5c-386f-dccd-ac7bb5e819a0', 'PC60901', 'Chi tiền cho 7987', 0, NULL, 'Rückertstraße 16e', '1ae4f1d0-48f9-3cac-2cdc-88a3ac8a3bba', 'MISA', 'Terrice Dorn', 6, '2023-07-12 22:03:34', '2020-11-25 12:59:01', 0.0000, '2022-01-01 00:01:18', 'Gaynelle Price', '2022-01-01 00:00:04', 'Abraham Cathey', 0, NULL),
('1e0851cc-4e5c-5726-d9cd-ac7bb5e819a0', 'PC62291', 'Chi tiền cho 7412', 0, NULL, 'Deroystraße 5e', '1f433c09-5d64-37ae-f9f6-092cdb0ab5e8', 'Redhat', 'Baldur  Kalkbrenner', 11, '2022-01-01 00:02:56', '2021-07-07 18:22:32', 0.0000, '2023-01-13 21:54:26', 'Adriane Thomas', '2023-07-21 08:46:46', 'Abram Hawk', 0, NULL),
('1eae92ce-3141-220d-d28e-91641f901785', 'PC67200', 'Chi tiền cho 5320', 0, NULL, 'Hans-Fischer-Straße 29', '04beaf72-3f35-42ec-86e6-f0b445d54f0b', 'MISA', 'Wolfger chs', 13, '2022-06-04 21:21:09', '2020-01-01 02:41:58', 0.0000, '2023-07-31 18:46:15', 'Marina Mosby', '2022-12-18 10:39:36', 'Cody Weaver', 0, NULL),
('1ffe1a04-5229-2e70-f2bb-dd2dd27a3e3e', 'PC92493', 'Chi tiền cho 9789', 0, NULL, 'Bauerstraße 2', '01aad493-1f24-44c2-96a5-f2ab28e4a0a8', 'MISA', 'Virgenie Lange', 2, '2022-01-01 00:01:11', '2020-08-03 17:53:32', 0.0000, '2022-01-01 01:09:13', 'Tracey Mcfarland', '2022-10-04 21:56:24', 'Don Sanford', 0, NULL),
('20aade92-148c-2130-c6f8-e7b6e99669ce', 'PC86271', 'Chi tiền cho 5101', 0, NULL, 'Aberlestraße 20', '04beaf72-3f35-42ec-86e6-f0b445d54f0b', 'MISA', 'Merlinde Bremer', 20, '2022-08-05 17:25:08', '2020-10-06 12:25:35', 0.0000, '2022-09-01 11:35:02', 'Adelina Vasquez', '2022-11-20 07:56:33', 'Leesa Alfaro', 0, NULL),
('22008313-2c0e-6e51-cef8-e7b6e99669ce', 'PC91035', 'Chi tiền cho 5111', 0, NULL, 'Malsenstraße 2', '01aad493-1f24-44c2-96a5-f2ab28e4a0a8', 'Microsoft', 'Abeline  Gasenklever', 19, '2022-07-08 22:32:15', '2020-07-09 12:25:21', 0.0000, '2022-01-01 00:05:28', 'Alec Ruth', '2023-01-17 12:11:01', 'Annette Quick', 0, NULL),
('2212ef4e-1d42-7cb2-f3bb-dd2dd27a3e3e', 'PC80895', NULL, 0, NULL, NULL, '1ae4f1d0-48f9-3cac-2cdc-88a3ac8a3bba', NULL, NULL, NULL, NULL, NULL, NULL, '2022-08-10 02:58:49', NULL, '2022-04-27 04:10:08', NULL, 0, NULL),
('22bdc676-2e00-782a-cff8-e7b6e99669ce', 'PC79305', 'Chi tiền cho 7280', 0, NULL, 'Himbselstraße 7', '1ae4f1d0-48f9-3cac-2cdc-88a3ac8a3bba', 'Redhat', 'Junipa Maler', 13, '2022-01-01 02:39:18', '2020-01-01 00:12:54', 0.0000, '2022-03-29 13:33:45', 'Coral Acker', '2022-01-24 09:12:14', 'Adam Barrios', 0, NULL),
('22cad806-3631-3120-de43-6668ce2e03e8', 'PC21850', 'Chi tiền cho 2378', 0, NULL, 'Palmstraße 48', '04beaf72-3f35-42ec-86e6-f0b445d54f0b', 'Redhat', 'Rafaela Dannenberg', 10, '2022-09-08 13:33:14', '2021-03-02 15:19:58', 0.0000, '2022-01-01 00:21:35', 'Anjelica Acevedo', '2023-02-02 22:30:39', 'Brad Emanuel', 0, NULL),
('23aa2014-54f5-5608-c7f8-e7b6e99669ce', 'PC74818', 'Chi tiền cho 3764', 0, NULL, 'Ortnitstraße 1b', '1f6428fc-3a0a-5d80-dcab-8b7af6721bcf', 'Redhat', 'Jenik ünch', 2, '2023-04-16 09:02:52', '2020-12-28 05:06:18', 0.0000, '2022-11-18 22:13:27', 'Abby Koontz', '2022-08-17 04:35:39', 'Elvis Delossantos', 0, NULL),
('246a698c-d1ea-427c-9334-2f7e841b1a6d', 'PC98056', NULL, NULL, NULL, 'Ngõ 15 Duy Tân, quận Cầu Giấy, Hà Nội', '250547bf-4861-7360-f4f6-092cdb0ab5e8', 'Walmart Inc', NULL, 0, '2023-08-09 00:00:00', '2023-08-09 00:00:00', 0.0000, '2023-08-09 23:56:17', NULL, NULL, NULL, 1, 'NCC-61746'),
('2472e4b9-6630-4bb2-efbb-dd2dd27a3e3e', 'PC14470', NULL, 0, NULL, NULL, '1f6428fc-3a0a-5d80-dcab-8b7af6721bcf', 'Redhat', 'Lunis Bohrmann', NULL, NULL, '2020-11-14 04:47:16', NULL, '2022-01-01 00:00:04', NULL, '2022-01-01 00:00:10', 'Mirtha Bonilla', 0, NULL),
('24d050a9-5a8a-41bf-4b20-6526f7201921', 'PC37617', 'Chi tiền cho 1156', 0, NULL, 'Adalbert-Stifter-Straße 2', '04beaf72-3f35-42ec-86e6-f0b445d54f0b', 'Redhat', 'Lukan Weltmann', 13, '2022-05-06 18:28:22', '2020-01-05 18:16:01', 0.0000, '2023-06-01 10:54:35', 'Lanita Jenkins', '2023-07-17 06:42:22', 'Doyle Brittain', 0, NULL),
('27ef05ef-6138-5c6c-af43-13b33af87d6b', 'PC34515', 'Chi tiền cho 7373', 0, NULL, 'Luisenstraße 21', '01aad493-1f24-44c2-96a5-f2ab28e4a0a8', 'Microsoft', 'Fredehelmus Berg', 14, '2022-04-02 05:40:19', '2020-01-01 02:03:09', 0.0000, '2022-07-23 14:05:19', 'Aline Sherrod', '2022-12-23 14:05:24', 'Toby Clary', 0, NULL),
('298b2e08-1194-7b52-d5cd-ac7bb5e819a0', 'PC19497', 'Chi tiền cho 9115', 0, NULL, 'Adelgundenstraße 1', '01aad493-1f24-44c2-96a5-f2ab28e4a0a8', 'Microsoft', 'Godric Meltzer', 19, '2022-01-01 00:01:33', '2020-11-27 03:48:25', 0.0000, '2023-01-04 13:53:17', 'Shayne Andre', '2022-01-01 00:00:05', 'Benito Nunn', 0, NULL),
('2a26e9b5-3666-3df0-2ed5-e67412897f07', 'PC94711', 'Chi tiền cho 7620', 0, NULL, 'Herzog-Heinrich-Straße 1', '1f433c09-5d64-37ae-f9f6-092cdb0ab5e8', 'MISA', 'Ingo Wentzel', 12, '2023-05-12 08:45:24', '2020-11-13 09:04:03', 0.0000, '2022-09-14 22:08:53', 'Wan Montano', '2022-01-01 00:00:29', 'Dot Mcgowan', 0, NULL),
('2b8ec0a5-50a5-47fe-8cb5-e77581a053bb', 'PC3211', NULL, NULL, NULL, NULL, NULL, NULL, NULL, 0, '2023-08-07 00:00:00', '2023-08-07 00:00:00', 0.0000, '2023-08-07 09:56:27', NULL, NULL, NULL, 0, NULL),
('2be5d2d6-24c7-5681-eebb-dd2dd27a3e3e', 'PC02891', 'Chi tiền cho 7909', 0, NULL, 'Beetzstraße 29d', '01aad493-1f24-44c2-96a5-f2ab28e4a0a8', 'Redhat', 'Hannelore Buchner', 7, '2022-08-13 06:31:20', '2021-02-06 04:28:25', 0.0000, '2023-07-10 05:09:14', 'Alexander Schilling', '2022-09-18 23:30:03', 'Jonah Lerner', 0, NULL),
('2e8ee48a-18a3-2705-b643-13b33af87d6b', 'PC86981', 'Chi tiền cho 3722', 0, NULL, 'Barer Straße 7', '1f6428fc-3a0a-5d80-dcab-8b7af6721bcf', 'Redhat', 'Sanyo Siegel', 15, '2022-04-18 09:24:36', '2021-02-25 14:17:41', 0.0000, '2023-01-26 08:48:49', 'Mathew Spicer', '2022-08-29 13:53:22', 'Monroe Venegas', 0, NULL),
('2f0c601d-58a0-2c6e-b343-13b33af87d6b', 'PC50449', 'Chi tiền cho 3241', 0, NULL, 'Adlzreiterstraße 2d', '1f433c09-5d64-37ae-f9f6-092cdb0ab5e8', NULL, NULL, 4, '2022-12-22 19:14:34', NULL, 0.0000, '2023-03-13 11:43:22', 'Marivel Mcdaniels', '2022-01-01 00:00:07', NULL, 0, NULL),
('323b4ac3-33b9-49bb-9b22-33a807a264fe', 'PC7742', NULL, NULL, NULL, '9 Ng.4 P.Duy Tân, Dịch Vọng Hậu, Cầu Giấy, Hà Nội', '5649291f-47fd-6268-beb1-c1540d491251', 'Kweichow Moutai Co., Ltd.', NULL, NULL, '2023-08-04 00:00:00', '2023-08-04 00:00:00', 0.0000, '2023-08-04 15:14:17', NULL, NULL, NULL, 0, NULL),
('32e5bba0-cada-4fde-ba08-6aa1acb6a5b9', 'PC98057', 'ds', NULL, NULL, NULL, '04beaf72-3f35-42ec-86e6-f0b445d54f0b', 'test', NULL, 0, '2023-08-10 00:00:00', '2023-08-10 00:00:00', 0.0000, '2023-08-10 10:14:23', NULL, NULL, NULL, 1, 'NCC-3234'),
('33aeab6f-6459-6c83-c8f8-e7b6e99669ce', 'PC83826', 'Chi tiền cho 1620', 0, NULL, 'Adalbertstraße 22-27', '1ae4f1d0-48f9-3cac-2cdc-88a3ac8a3bba', 'Redhat', 'Raiko Bohrmann', 2, '2022-01-01 00:00:03', '2020-06-25 20:12:17', 0.0000, '2023-06-11 10:58:45', 'Ada Brink', NULL, 'Mack Lott', 0, NULL),
('34cae729-3ec6-3c30-e543-6668ce2e03e8', 'PC78572', 'Chi tiền cho 0402', 0, NULL, 'Destouchesstraße 1', '01aad493-1f24-44c2-96a5-f2ab28e4a0a8', 'Redhat', 'Emerenz Meier', 15, '2022-05-07 11:19:19', '2020-01-01 00:01:29', 0.0000, '2023-02-19 19:44:01', 'Sunday Fusco', '2022-01-01 00:00:42', 'Reena Johnston', 0, NULL),
('34df9f7f-7b3a-7723-e143-6668ce2e03e8', 'PC56399', 'Chi tiền cho 6750', 0, NULL, 'Barthstraße 1e', '1f6428fc-3a0a-5d80-dcab-8b7af6721bcf', 'Microsoft', 'Abby  Kolbe', 10, '2022-01-31 12:11:57', '2020-01-01 00:01:11', 0.0000, '2023-07-06 18:46:13', 'Burt Abraham', '2022-01-01 00:14:12', 'Abby Tripp', 0, NULL),
('35ad4ea4-6750-3d07-f1bb-dd2dd27a3e3e', 'PC84415', 'Chi tiền cho 0913', 0, NULL, 'Adamstraße 3', '01aad493-1f24-44c2-96a5-f2ab28e4a0a8', NULL, NULL, 11, '2022-01-01 00:14:48', NULL, 0.0000, NULL, 'Abby Dodd', '2022-02-07 21:53:21', NULL, 0, NULL),
('372b14c2-5e40-51d1-ef18-2b2d9a80b3b9', 'PC11651', 'Chi tiền cho 7116', 0, NULL, 'Danklstraße 3f', '04beaf72-3f35-42ec-86e6-f0b445d54f0b', 'MISA', 'Jodok Kugler', 12, '2022-01-06 12:02:12', '2020-09-07 16:41:10', 0.0000, '2023-07-27 06:06:40', 'Dean Dale', NULL, 'Woodrow Wilhite', 0, NULL),
('38823d8e-19ba-5e32-ae43-13b33af87d6b', 'PC92939', 'Chi tiền cho 0325', 0, NULL, 'Aberlestraße 284c', '1f6428fc-3a0a-5d80-dcab-8b7af6721bcf', 'Redhat', 'Etta Brandes', 1, '2022-01-01 00:00:01', '2021-06-15 07:42:25', 0.0000, NULL, 'Marcy Sapp', '2022-04-23 19:16:07', 'Juliana Clough', 0, NULL),
('38eed2b5-46ca-39ee-b543-13b33af87d6b', 'PC48062', 'Chi tiền cho 2531', 0, NULL, 'Galileiplatz 21-26', '1f6428fc-3a0a-5d80-dcab-8b7af6721bcf', 'Redhat', 'Dany choll', 9, '2022-12-13 20:39:35', '2020-08-06 09:47:35', 0.0000, '2022-04-22 17:56:02', 'Jenniffer Agnew', '2022-04-08 11:45:56', 'Walker Woody', 0, NULL),
('3a4fbf76-645a-60eb-f318-2b2d9a80b3b9', 'PC12471', 'Chi tiền cho 8424', 0, NULL, 'Altheimer Eck 1', '1f6428fc-3a0a-5d80-dcab-8b7af6721bcf', 'MISA', 'Annafee Borsig', 17, '2022-02-02 22:56:10', '2020-01-28 22:47:35', 0.0000, '2022-01-01 00:38:23', 'Byron Conn', '2022-03-30 14:15:48', 'Cherish Frias', 0, NULL),
('3a7fe737-47b3-31e1-cdf8-e7b6e99669ce', 'PC38386', 'Chi tiền cho 2068', 0, NULL, 'Thierschstraße 1b', '01aad493-1f24-44c2-96a5-f2ab28e4a0a8', 'Microsoft', 'Mareke Berg', 10, '2022-05-10 21:31:40', '2020-01-01 00:00:08', 0.0000, '2023-05-03 01:11:17', 'Krissy Compton', '2022-12-10 10:37:07', 'Clare Jacob', 0, NULL),
('3ba70f42-9af0-4c17-8199-27634db98bac', 'PC4444', NULL, NULL, 'bb999deb-f6cd-487f-96d0-e68cf196b33b', NULL, '2975716e-6eb3-4a6e-8a8d-88bbfbd98019', 'ewrwer', NULL, NULL, '2023-08-05 00:00:00', '2023-08-05 00:00:00', 0.0000, '2023-08-05 11:12:20', NULL, NULL, NULL, 0, NULL),
('3cfc841b-32d5-2db5-f218-2b2d9a80b3b9', 'PC86360', 'Chi tiền cho 5221', 0, NULL, 'Taxisstraße 9', '1f433c09-5d64-37ae-f9f6-092cdb0ab5e8', 'MISA', 'Otwin Tetzner', 11, '2023-07-21 21:41:01', '2020-06-20 01:06:54', 0.0000, '2023-04-23 00:44:05', 'Alton Shoemaker', '2022-02-05 19:43:10', 'Benjamin Brubaker', 0, NULL),
('3d92e054-515f-488a-a46d-a10362f39a55', 'PC4445', NULL, NULL, 'bb999deb-f6cd-487f-96d0-e68cf196b33b', 'fdgdfgdfg', '8fd88a77-4d10-425e-9a6e-c2de9b214bb1', 'tesst bank', 'etretr', NULL, '2023-08-05 00:00:00', '2023-08-05 00:00:00', 0.0000, '2023-08-05 11:28:39', NULL, NULL, NULL, 0, NULL),
('3e9ec5b0-4516-558e-b443-13b33af87d6b', 'PC97931', 'Chi tiền cho 3869', 0, NULL, 'Ackermannstraße 10', '1ae4f1d0-48f9-3cac-2cdc-88a3ac8a3bba', NULL, NULL, 2, '2023-07-13 13:47:33', NULL, 0.0000, NULL, 'Debrah Almeida', '2023-04-12 08:45:13', NULL, 0, NULL),
('40f775cc-4bf6-1f2c-4c20-6526f7201921', 'PC82032', 'Chi tiền cho 3022', 0, NULL, 'Baldestraße 26', '04beaf72-3f35-42ec-86e6-f0b445d54f0b', 'Redhat', 'Godelinde ichter', 12, '2022-12-25 11:02:32', '2021-05-24 05:09:45', 0.0000, '2022-01-17 13:51:33', 'Melodee Link', '2022-05-08 02:57:15', 'Lynn Sullivan', 0, NULL),
('425fa175-5e8c-31a9-b843-13b33af87d6b', 'PC17614', 'Chi tiền cho 5227', 0, NULL, 'Schwindstraße 25e', '1f6428fc-3a0a-5d80-dcab-8b7af6721bcf', 'MISA', 'Freda Kaulbach', 18, '2023-05-11 07:51:07', '2020-01-01 01:50:04', 0.0000, '2023-05-21 01:02:46', 'Alethea Halsey', '2022-08-13 03:12:54', 'Kristi Washburn', 0, NULL),
('44e01a6a-5868-5772-0907-5cdfb612d857', 'PC45651', 'Chi tiền cho 4916', 0, NULL, 'Sedlmayrstraße 5b', '1ae4f1d0-48f9-3cac-2cdc-88a3ac8a3bba', 'Redhat', 'Gunthild Milch', 20, '2022-02-08 19:40:38', '2020-08-18 11:44:13', 0.0000, '2022-08-09 23:54:01', 'Adaline Trout', '2022-03-20 08:38:03', 'Obdulia Mcarthur', 0, NULL),
('452b4e76-346f-3030-d0f8-e7b6e99669ce', 'PC09839', 'Chi tiền cho 4972', 0, NULL, 'Rosa-Aschenbrenner-Bogen 2e', '1ae4f1d0-48f9-3cac-2cdc-88a3ac8a3bba', 'Microsoft', 'Helmine Dörner', 12, '2022-01-01 00:10:41', '2020-01-01 02:22:22', 0.0000, '2022-01-01 00:00:43', 'Abdul Minnick', '2023-04-22 20:54:21', 'Dede Boyer', 0, NULL),
('45d08973-77bb-6368-b043-13b33af87d6b', 'PC63636', 'Chi tiền cho 5028', 0, NULL, 'Adalbertstraße 9b', '04beaf72-3f35-42ec-86e6-f0b445d54f0b', 'MISA', 'Arnesa Hielscher', 11, '2022-01-01 00:09:22', '2020-01-01 00:14:10', 0.0000, '2022-12-20 18:31:14', 'Oralee France', '2022-01-01 00:01:21', 'Ada Guenther', 0, NULL),
('4770e828-4cdd-7a4a-ba43-13b33af87d6b', 'PC94781', 'Chi tiền cho 0913', 0, NULL, 'Felix-Fechenbach-Bogen 13f', '1ae4f1d0-48f9-3cac-2cdc-88a3ac8a3bba', 'Microsoft', 'Alphonsine Bartels', 5, '2022-01-01 00:00:03', '2020-01-01 00:08:52', 0.0000, '2023-01-20 21:29:13', 'Yaeko Boyle', '2023-05-04 01:25:55', 'Tara Bagwell', 0, NULL),
('4836b876-122a-792f-0707-5cdfb612d857', 'PC49633', 'Chi tiền cho 2305', 0, NULL, 'Kazmairstraße 2', '1ae4f1d0-48f9-3cac-2cdc-88a3ac8a3bba', 'Microsoft', 'Mercina Forster', 15, '2022-07-13 11:23:12', '2020-03-31 23:12:10', 0.0000, '2022-01-01 00:01:14', 'Effie Holloway', '2022-01-01 00:00:03', 'Telma Lyman', 0, NULL),
('4874c801-15b7-7785-e043-6668ce2e03e8', 'PC61829', 'Chi tiền cho 0258', 0, NULL, 'Marienstraße 7', '04beaf72-3f35-42ec-86e6-f0b445d54f0b', 'Redhat', 'Sonnwin aul', 10, '2022-01-01 02:04:26', '2020-03-22 10:49:19', 0.0000, '2022-05-07 05:00:34', 'Cecil Mcmanus', '2022-01-01 00:00:19', 'Adam Sells', 0, NULL),
('499cefd9-37b9-146d-dbcd-ac7bb5e819a0', 'PC42541', NULL, 0, NULL, NULL, '04beaf72-3f35-42ec-86e6-f0b445d54f0b', NULL, NULL, NULL, NULL, NULL, NULL, '2022-01-01 02:17:46', NULL, '2022-05-12 04:47:34', NULL, 0, NULL),
('4a60b0f8-701b-26ee-31d5-e67412897f07', 'PC42148', 'Chi tiền cho 2513', 0, NULL, 'Herzog-Heinrich-Straße 3a', '01aad493-1f24-44c2-96a5-f2ab28e4a0a8', 'Redhat', 'Enosch Hagemann', 10, '2022-05-25 07:17:58', '2020-01-01 00:06:06', 0.0000, '2022-03-27 14:10:50', 'Antony Sullivan', '2022-04-09 22:38:06', 'Fidela Spearman', 0, NULL),
('4a65a316-17a2-5675-ed18-2b2d9a80b3b9', 'PC89461', 'Chi tiền cho 3854', 0, NULL, 'Ohmstraße 1', '1ae4f1d0-48f9-3cac-2cdc-88a3ac8a3bba', 'Microsoft', 'Edeltraud artorius', 9, '2022-01-01 00:00:03', '2020-03-28 08:07:09', 0.0000, '2022-01-01 00:00:33', 'Bennie Beavers', '2023-06-20 00:37:15', 'Bernardine Cross', 0, NULL),
('4b084db5-1539-2ede-d08e-91641f901785', 'PC01070', 'Chi tiền cho 4468', 0, NULL, 'Ickstattstraße 2a', '1f6428fc-3a0a-5d80-dcab-8b7af6721bcf', NULL, NULL, 2, '2022-01-01 00:05:43', NULL, 0.0000, '2022-11-19 08:18:51', 'Micheal Florence', '2022-03-03 10:29:55', NULL, 0, NULL),
('4c19d6c6-bec3-4d9f-a12f-f47b15e9e0e7', 'PC453', 'abc 123', NULL, 'f0bfad41-e359-468a-9712-dde607cd5df3', 'abc 123', '714006d6-5686-4410-bb06-ce12603235b3', 'sdfs', NULL, 4, '2023-08-05 00:00:00', '2023-08-05 00:00:00', 4545.0000, '2023-08-05 21:36:26', NULL, NULL, NULL, 1, 'tesst'),
('4cb72771-5d01-2089-33d5-e67412897f07', 'PC53995', 'Chi tiền cho 2553', 0, NULL, 'Cuvilliésstraße 2', '1f6428fc-3a0a-5d80-dcab-8b7af6721bcf', 'MISA', 'Luitwin Bartels', 4, '2023-05-07 15:47:01', '2020-01-01 00:00:07', 0.0000, '2022-10-07 07:55:51', 'Kent Allison', '2022-01-01 00:01:40', 'Adelaida Pulliam', 0, NULL),
('4dadfce8-54c5-2b1d-e343-6668ce2e03e8', 'PC95768', 'Chi tiền cho 2232', 0, NULL, 'Biedersteiner Straße 2', '04beaf72-3f35-42ec-86e6-f0b445d54f0b', 'Redhat', 'Finjas Gruber', 4, '2023-07-04 16:36:55', '2020-11-19 07:39:20', 0.0000, NULL, 'Simona Burton', '2023-04-14 14:28:07', 'Precious Brantley', 0, NULL),
('4e76210c-3865-2984-b943-13b33af87d6b', 'PC21619', 'Chi tiền cho 6510', 0, NULL, 'Sterneckerstraße 1a', '01aad493-1f24-44c2-96a5-f2ab28e4a0a8', 'Redhat', 'Thankmar Luckner', 2, '2022-01-01 00:38:22', '2020-01-01 00:25:55', 0.0000, '2022-04-12 19:08:57', 'Alexandra Chapman', '2022-01-01 00:00:05', 'Thomas Shah', 0, NULL),
('4ef10787-1a92-46a9-df43-6668ce2e03e8', 'PC35028', NULL, 0, NULL, NULL, '1f6428fc-3a0a-5d80-dcab-8b7af6721bcf', 'MISA', 'Zölestinus chiefer', NULL, NULL, '2021-04-14 04:47:04', NULL, '2022-09-09 16:06:25', NULL, '2022-03-01 19:28:27', 'August Abraham', 0, NULL),
('4f95ddc9-199b-181e-decd-ac7bb5e819a0', 'PC66406', NULL, 0, NULL, NULL, '1f433c09-5d64-37ae-f9f6-092cdb0ab5e8', 'Microsoft', 'Agnete  Grünbaum', NULL, NULL, '2020-02-04 23:00:31', NULL, '2022-01-01 00:00:02', NULL, '2022-12-29 16:15:46', 'Abdul Ammons', 0, NULL),
('50111c5c-136b-2d9f-cc8e-91641f901785', 'PC30047', 'Chi tiền cho 7995', 0, NULL, 'Höchlstraße 2', '1f6428fc-3a0a-5d80-dcab-8b7af6721bcf', 'Redhat', 'Cyrillus Altmann', 7, '2022-01-01 00:00:04', '2021-04-05 05:43:32', 0.0000, NULL, 'Evangelina Acevedo', '2023-04-10 00:57:49', 'Scottie Abreu', 0, NULL),
('50581635-e382-4ff1-aec4-cd9783a6ee78', 'PC2323', 'ewrwer 1212 12', NULL, '46325c89-599d-77ef-74f6-423b4e874d0f', NULL, 'cf19da7e-8690-4a35-8864-5537fd0344c7', 'sfdsf', 'wrewe', 3, '2023-08-06 00:00:00', '2023-08-06 00:00:00', 2422.0000, '2023-08-06 09:50:58', NULL, NULL, NULL, 0, 'NCC-34534'),
('50587754-2bfb-4a52-f118-2b2d9a80b3b9', 'PC67577', 'Chi tiền cho 5791', 0, NULL, 'Kapuzinerstraße 2', '01aad493-1f24-44c2-96a5-f2ab28e4a0a8', 'Redhat', 'Juven Meissner', 19, '2022-01-01 00:01:26', '2020-04-25 08:50:44', 0.0000, '2023-02-27 09:44:40', 'Jeromy Aiello', NULL, 'Harris Mullis', 0, NULL),
('50a58c70-4729-20f5-d38e-91641f901785', 'PC48495', NULL, 0, NULL, NULL, '01aad493-1f24-44c2-96a5-f2ab28e4a0a8', 'MISA', 'Parzival chs', NULL, NULL, '2020-01-01 01:31:42', NULL, '2023-01-15 05:10:03', NULL, '2022-11-29 05:29:32', 'Merle Isbell', 0, NULL),
('5116d9e8-5f72-6b68-30d5-e67412897f07', 'PC12582', 'Chi tiền cho 2178', 0, NULL, 'Aschheimer Straße 29', '1f6428fc-3a0a-5d80-dcab-8b7af6721bcf', 'Redhat', 'Bennit Bergmann', 2, '2022-01-24 15:35:04', '2021-01-16 04:33:23', 0.0000, '2022-11-03 09:10:31', 'Christal Wolf', '2022-03-18 03:44:02', 'Marti Sipes', 0, NULL),
('51b59636-bd02-4a74-9745-e08b40514795', 'PC3654', NULL, NULL, '42a13e31-2abb-6171-dc1d-086412a8ea97', NULL, 'b2996b97-a134-4ce7-b1c8-93e527f0a804', 'string', NULL, NULL, '2023-08-04 00:00:00', '2023-08-04 00:00:00', 0.0000, '2023-08-04 11:44:40', NULL, NULL, NULL, 0, NULL),
('51e095f7-1733-61cd-b743-13b33af87d6b', 'PC30544', 'Chi tiền cho 8118', 0, NULL, 'Herzog-Wilhelm-Straße 1', '1f433c09-5d64-37ae-f9f6-092cdb0ab5e8', 'Microsoft', 'Jochem Walser', 8, '2022-01-01 00:09:23', '2020-05-18 21:51:15', 0.0000, '2022-04-10 10:21:33', 'Carol Conger', '2022-01-01 00:00:08', 'John Manns', 0, NULL),
('528d9eaf-3c55-19a5-2cd5-e67412897f07', 'PC41204', 'Chi tiền cho 1323', 0, NULL, 'Sebastiansplatz 6c', '04beaf72-3f35-42ec-86e6-f0b445d54f0b', 'Redhat', 'Achime  Tischler', 5, '2023-02-25 19:52:26', '2021-01-04 20:09:52', 0.0000, '2022-08-04 17:10:53', 'Tanya Abreu', '2022-04-13 22:27:24', 'Marylouise Breeden', 0, NULL),
('5395f3c0-1c24-1c3f-4520-6526f7201921', 'PC51018', 'Chi tiền cho 9486', 0, NULL, 'Mannlichstraße 1b', '1f433c09-5d64-37ae-f9f6-092cdb0ab5e8', 'MISA', 'Dorothea Feigenbaum', 12, '2022-12-04 04:56:40', '2020-03-22 04:44:40', 0.0000, '2022-01-01 00:00:19', 'Miki Abney', '2023-01-03 22:33:06', 'Apolonia Scherer', 0, NULL),
('54d8d990-71a5-341d-d6cd-ac7bb5e819a0', 'PC17127', 'Chi tiền cho 2258', 0, NULL, 'Helmholtzstraße 1', '1ae4f1d0-48f9-3cac-2cdc-88a3ac8a3bba', 'Redhat', 'Annelies Bering', 14, '2022-01-01 01:14:21', '2020-01-01 02:46:02', 0.0000, '2022-01-01 00:15:36', 'Norman Box', '2022-01-01 00:00:08', 'Lavonia Nye', 0, NULL),
('55179fb7-1756-6e6c-f518-2b2d9a80b3b9', 'PC63646', 'Chi tiền cho 6224', 0, NULL, 'Tegernseer Landstraße 28b', '1f6428fc-3a0a-5d80-dcab-8b7af6721bcf', 'Redhat', 'Richbert Buchholz', 18, '2022-01-01 00:01:23', '2020-01-01 00:07:09', 0.0000, '2022-01-01 00:00:52', 'Lindsay Artis', '2022-11-05 23:38:35', 'Bradly Carrier', 0, NULL),
('5617bd86-1164-2214-e443-6668ce2e03e8', 'PC83577', 'Chi tiền cho 8088', 0, NULL, 'Weißenburger Platz 6', '1f433c09-5d64-37ae-f9f6-092cdb0ab5e8', 'Redhat', 'Diethelm Abert', 11, '2022-01-01 00:10:06', '2020-04-20 08:08:48', 0.0000, '2023-04-23 23:05:37', 'Jordon Palumbo', '2022-06-07 09:10:25', 'Odessa Plummer', 0, NULL),
('56ad27e4-554b-69f4-0807-5cdfb612d857', 'PC59474', 'Chi tiền cho 8146', 0, NULL, 'Adelgundenstraße 1d', '04beaf72-3f35-42ec-86e6-f0b445d54f0b', 'Microsoft', 'Ruprecht Burkhard', 2, '2022-07-12 07:11:44', '2021-07-19 08:21:10', 0.0000, '2023-04-11 12:16:31', 'Kayleigh Alvarado', '2022-10-03 03:39:04', 'Moses Mcleod', 0, NULL),
('5732e2d5-5bfc-4216-8b21-1c7a02b2d703', 'PC4563', 'asdasd', NULL, 'bf53ee75-10e0-4ec9-b5e6-479caec30454', '9 Ng.4 P.Duy Tân, Dịch Vọng Hậu, Cầu Giấy, Hà Nội', '396eaf2d-5bc5-5766-e7f2-17995bf2968c', 'Kweichow Moutai Co., Ltd.', 'asdasdd', 2, '2023-08-05 00:00:00', '2023-08-05 00:00:00', 0.0000, '2023-08-05 14:54:02', NULL, NULL, NULL, 1, NULL),
('578a7158-7675-4475-cbf8-e7b6e99669ce', 'PC93610', 'Chi tiền cho 3585', 0, NULL, 'Spicherenstraße 15', '04beaf72-3f35-42ec-86e6-f0b445d54f0b', 'Microsoft', 'Carde Katz', 9, '2023-01-10 09:26:59', '2020-01-01 02:32:18', 0.0000, '2022-01-01 00:00:08', 'Rosaura Mcfarland', '2022-06-02 21:31:23', 'Valentine Corcoran', 0, NULL),
('57ed8827-307d-67ee-4d20-6526f7201921', 'PC58086', 'Chi tiền cho 8157', 0, NULL, 'Zenettiplatz 4', '04beaf72-3f35-42ec-86e6-f0b445d54f0b', 'MISA', 'Gundolf berländer', 17, '2022-01-01 00:01:40', '2021-05-14 05:06:50', 0.0000, '2022-01-01 00:07:42', 'Malissa Dias', '2023-02-09 21:02:41', 'Kristan Montoya', 0, NULL),
('57f1167a-6c55-2883-f0bb-dd2dd27a3e3e', 'PC39570', 'Chi tiền cho 1004', 0, NULL, 'Adalbert-Stifter-Straße 2c', '1ae4f1d0-48f9-3cac-2cdc-88a3ac8a3bba', 'Redhat', 'Chlodomer Blume', 5, '2023-07-06 19:38:34', '2020-01-02 07:50:48', 0.0000, '2022-12-08 18:33:35', 'Manda Bergeron', '2022-01-01 00:01:27', 'Quincy Dill', 0, NULL),
('591ea249-34f1-6ad6-ca8e-91641f901785', 'PC25197', 'Chi tiền cho 2039', 0, NULL, 'Alois-Gilg-Weg 9', '1ae4f1d0-48f9-3cac-2cdc-88a3ac8a3bba', 'MISA', 'Nava iedel', 12, '2022-01-25 10:30:47', '2020-11-09 13:40:44', 0.0000, '2023-02-05 08:21:23', 'Pennie Acker', '2022-03-17 14:28:29', 'Mozelle Ligon', 0, NULL),
('5b041503-5537-37cb-d18e-91641f901785', 'PC45617', 'Chi tiền cho 4955', 0, NULL, 'Am Bavariapark 45d', '04beaf72-3f35-42ec-86e6-f0b445d54f0b', 'Redhat', 'Lainy odersohn', 14, '2023-05-17 07:55:46', '2020-01-01 00:00:37', 0.0000, '2022-02-09 14:09:56', 'Julian Scarborough', '2022-07-10 09:28:47', 'Tari Conaway', 0, NULL),
('5c405634-1f76-3674-4920-6526f7201921', 'PC37816', 'Chi tiền cho 8828', 0, NULL, 'Saarstraße 2', '04beaf72-3f35-42ec-86e6-f0b445d54f0b', 'MISA', 'Jakobea Meyer', 20, '2023-07-21 09:42:21', '2021-01-24 21:56:16', 0.0000, '2022-11-07 00:45:06', 'Nubia Barham', '2023-01-26 09:00:38', 'Woodrow Griffis', 0, NULL),
('5c5bc99e-6698-1e14-c88e-91641f901785', 'PC63118', 'Chi tiền cho 2051', 0, NULL, 'Baumstraße 60f', '04beaf72-3f35-42ec-86e6-f0b445d54f0b', 'MISA', 'Ingrun Immerig', 14, '2022-04-30 17:30:26', '2020-08-27 03:20:02', 0.0000, '2022-10-15 00:05:34', 'Conception Acker', '2023-07-04 15:51:36', 'Sunday Harrington', 0, NULL),
('5cc794eb-468d-25c8-0607-5cdfb612d857', 'PC98046', 'Chi tiền cho 3333', 0, NULL, 'Königsplatz 11', '1ae4f1d0-48f9-3cac-2cdc-88a3ac8a3bba', 'Microsoft', 'Alexandrina  reuss', 19, '2023-08-01 01:00:47', '2020-01-01 01:04:28', 0.0000, '2022-04-19 21:57:16', 'Mark Busby', '2022-07-02 01:35:50', 'Rebekah Linville', 0, NULL),
('5cfb5fe3-2011-681a-2dd5-e67412897f07', 'PC96838', 'Chi tiền cho 0440', 0, NULL, 'Adalbertstraße 4', '1f6428fc-3a0a-5d80-dcab-8b7af6721bcf', 'MISA', 'Madline abst', 18, '2022-04-03 04:25:39', '2021-06-14 06:10:52', 0.0000, '2022-01-01 00:55:24', 'Chantelle Bales', '2023-05-23 19:07:32', 'Reid Ernst', 0, NULL),
('600d77c1-4a38-4607-ddcd-ac7bb5e819a0', 'PC39919', 'Chi tiền cho 3829', 0, NULL, 'Adalbert-Stifter-Straße 92', '1f6428fc-3a0a-5d80-dcab-8b7af6721bcf', 'Redhat', 'Howe Döring', 17, '2022-01-01 00:00:02', '2020-01-01 00:05:50', 0.0000, '2022-01-01 02:23:49', 'Gene Folsom', '2023-04-23 15:00:42', 'Zack Robles', 0, NULL),
('62c600e9-4fed-23e5-dd43-6668ce2e03e8', 'PC46924', 'Chi tiền cho 4507', 0, NULL, 'Ackerstraße 6', '1f6428fc-3a0a-5d80-dcab-8b7af6721bcf', NULL, NULL, 5, '2022-07-17 20:53:10', NULL, 0.0000, '2022-05-12 03:30:46', 'Casey Carlton', '2022-11-20 18:04:12', NULL, 0, NULL),
('632c52e0-e3c5-4671-b748-d7971db34763', 'PC4544', NULL, NULL, NULL, NULL, 'fe435469-2e21-4936-8548-fa36a5c9340a', 'string', NULL, NULL, '2023-08-05 00:00:00', '2023-08-05 00:00:00', 1111.0000, '2023-08-05 15:10:54', NULL, NULL, NULL, 1, 'NCC-1212'),
('6932cd61-67f2-5fa6-32d5-e67412897f07', 'PC17144', 'Chi tiền cho 7168', 0, NULL, 'Agnes-Neuhaus-Straße 24', '1ae4f1d0-48f9-3cac-2cdc-88a3ac8a3bba', 'MISA', 'Wilderich Tauberg', 1, '2023-06-06 12:15:13', '2021-03-16 11:02:50', 0.0000, '2022-03-12 06:07:37', 'Sergio Hilliard', NULL, 'Antione Staton', 0, NULL),
('6a199092-6ad6-5a8a-4820-6526f7201921', 'PC55261', 'Chi tiền cho 6159', 0, NULL, 'Diepoldstraße 27', '1f433c09-5d64-37ae-f9f6-092cdb0ab5e8', 'Redhat', 'Aurion  Buchner', 15, '2023-03-13 22:54:39', '2021-06-30 17:20:26', 0.0000, NULL, 'Kari Adcock', '2022-01-01 00:17:23', 'Angelica Galarza', 0, NULL),
('6b133690-5cca-7277-c98e-91641f901785', 'PC54092', 'Chi tiền cho 2120', 0, NULL, 'Sankt-Cajetan-Straße 1', '1f433c09-5d64-37ae-f9f6-092cdb0ab5e8', 'Microsoft', 'Wolfdietrich Berend', 5, '2022-01-01 00:00:05', '2021-04-21 11:43:05', 0.0000, NULL, 'Eldon Cotter', NULL, 'Leia Aguilera', 0, NULL),
('6b8f45fe-6a3b-3a31-ce8e-91641f901785', 'PC47095', 'Chi tiền cho 8395', 0, NULL, 'Adalbertstraße 13', '1f433c09-5d64-37ae-f9f6-092cdb0ab5e8', 'MISA', 'Holunda Büchner', 5, '2022-01-01 00:02:56', '2021-03-17 09:52:19', 0.0000, NULL, 'Jerry Adcock', '2023-07-12 01:58:40', 'Bettina Lott', 0, NULL),
('6c9e307e-28d6-48fc-f018-2b2d9a80b3b9', 'PC63075', 'Chi tiền cho 0454', 0, NULL, 'Winzererstraße 9', '1f433c09-5d64-37ae-f9f6-092cdb0ab5e8', 'MISA', 'Yanika Lochner', 15, '2022-01-01 00:01:40', '2021-03-20 22:28:21', 0.0000, '2022-01-01 00:01:04', 'Terrell Cameron', '2023-01-02 03:58:25', 'Alica Payne', 0, NULL),
('6dce17bb-2a7b-43bf-dc43-6668ce2e03e8', 'PC91892', 'Chi tiền cho 3055', 0, NULL, 'Fellstraße 8', '04beaf72-3f35-42ec-86e6-f0b445d54f0b', 'Redhat', 'Basti  Klein', 20, '2023-04-21 02:38:02', '2020-08-14 04:22:16', 0.0000, '2022-12-20 21:35:08', 'Rosita Guzman', '2022-03-09 04:25:06', 'Robert Cornell', 0, NULL),
('6ebad077-53d5-5578-4620-6526f7201921', 'PC13342', 'Chi tiền cho 1486', 0, NULL, 'Bürkleinstraße 2c', '01aad493-1f24-44c2-96a5-f2ab28e4a0a8', 'Microsoft', 'Hedlef Semper', 3, '2022-06-30 14:27:53', '2020-01-01 02:02:09', 0.0000, '2022-09-10 07:44:48', 'Abram Maurer', '2022-01-01 00:13:38', 'Danyell Bridges', 0, NULL),
('6f67b829-bcf0-4297-a145-8b04eb91c765', 'PC32423', NULL, NULL, NULL, NULL, NULL, NULL, NULL, NULL, '2023-08-04 00:00:00', '2023-08-04 00:00:00', 0.0000, '2023-08-04 18:04:21', NULL, NULL, NULL, 0, NULL),
('71a128a7-31a1-4aec-caf8-e7b6e99669ce', 'PC28795', 'Chi tiền cho 6335', 0, NULL, 'Oberländerstraße 2', '04beaf72-3f35-42ec-86e6-f0b445d54f0b', 'MISA', 'Marlea Seidemann', 10, '2022-06-20 11:56:11', '2020-10-20 00:34:37', 0.0000, '2023-07-06 02:27:20', 'Tyron Yang', NULL, 'Genny Dickinson', 0, NULL),
('71f8cafc-96f4-4cb9-a90b-88c085e5d46a', 'PC4645', '12121', NULL, NULL, NULL, '714006d6-5686-4410-bb06-ce12603235b3', 'sdfs', 'sdf', NULL, '2023-08-06 00:00:00', '2023-08-06 00:00:00', 100.0000, '2023-08-06 10:10:23', NULL, NULL, NULL, 0, ''),
('7211ab5f-4572-6092-cf8e-91641f901785', 'PC68036', 'Chi tiền cho 2385', 0, NULL, 'Konrad-Peutinger-Straße 9', '1f433c09-5d64-37ae-f9f6-092cdb0ab5e8', 'Redhat', 'Merinda Kugler', 9, '2022-01-01 00:00:30', '2020-11-14 17:51:06', 0.0000, '2023-01-15 14:46:06', 'Augustus Mcmaster', '2022-06-09 06:29:25', 'Tracy Hirsch', 0, NULL),
('7276db24-69a4-3534-4420-6526f7201921', 'PC32098', NULL, 0, NULL, NULL, '01aad493-1f24-44c2-96a5-f2ab28e4a0a8', 'Microsoft', 'Christfried Weiss', NULL, NULL, '2020-01-01 00:00:05', NULL, '2022-02-14 00:53:41', NULL, '2023-07-25 07:25:28', 'Royal Downey', 0, NULL),
('72a34cda-1dc5-6d6e-0a07-5cdfb612d857', 'PC44497', 'Chi tiền cho 7302', 0, NULL, 'Adams-Lehmann-Straße 2', '1f433c09-5d64-37ae-f9f6-092cdb0ab5e8', 'MISA', 'Marlina Gekkel', 8, '2023-06-15 12:02:02', '2020-01-01 01:10:01', 0.0000, NULL, 'Patrick Fishman', '2023-03-08 03:29:35', 'Georgine Cuevas', 0, NULL),
('73bcf0c4-5be8-79ca-cd8e-91641f901785', 'PC70441', 'Chi tiền cho 3158', 0, NULL, 'Erika-Mann-Straße 5', '04beaf72-3f35-42ec-86e6-f0b445d54f0b', 'Redhat', 'Lunna Tausch', 20, '2022-01-01 00:01:26', '2020-01-01 00:16:28', 0.0000, '2023-01-08 14:19:39', 'Isabella Plunkett', '2022-06-25 06:36:41', 'Veronika Baylor', 0, NULL),
('74403188-3667-1dc8-34d5-e67412897f07', 'PC74419', 'Chi tiền cho 7149', 0, NULL, 'Röntgenstraße 1', '1f6428fc-3a0a-5d80-dcab-8b7af6721bcf', 'Microsoft', 'Lisiane Weigl', 8, '2023-06-26 10:04:12', '2020-04-17 03:08:19', 0.0000, '2022-01-01 00:00:13', 'Alton Danner', '2023-08-01 04:58:48', 'Percy Cardona', 0, NULL),
('746412c8-5410-76e9-d7cd-ac7bb5e819a0', 'PC42048', 'Chi tiền cho 3978', 0, NULL, 'Wredestraße 24-26', '1f433c09-5d64-37ae-f9f6-092cdb0ab5e8', NULL, NULL, 9, '2022-05-21 19:29:09', NULL, 0.0000, '2022-01-01 00:00:30', 'Salvatore Scales', '2023-06-21 19:48:43', NULL, 0, NULL),
('74f8f9e7-4a13-11e7-4720-6526f7201921', 'PC48151', 'Chi tiền cho 4944', 0, NULL, 'Adelgundenstraße 21', '04beaf72-3f35-42ec-86e6-f0b445d54f0b', 'MISA', 'Yskert Haas', 12, '2022-04-26 06:58:56', '2020-01-01 00:11:24', 0.0000, '2022-01-01 01:07:04', 'Renae Jolley', NULL, 'Wiley Trammell', 0, NULL),
('76a1749e-778c-4400-d8cd-ac7bb5e819a0', 'PC15938', 'Chi tiền cho 8282', 0, NULL, 'Adamstraße 25a', '1ae4f1d0-48f9-3cac-2cdc-88a3ac8a3bba', 'Microsoft', 'Egidia acks', 18, '2022-01-01 00:00:45', '2020-01-01 00:01:50', 0.0000, '2023-01-25 19:35:28', 'Jasmin Southard', '2022-05-26 13:00:07', 'Elinore Mathis', 0, NULL),
('77223983-7f69-48a9-b31c-5c7672a4f8ba', 'PC23422', NULL, NULL, NULL, 'hà nội', 'f0803a24-c1d5-4944-a013-e800cd5b64ab', 'cá nhân', NULL, 1, '2023-09-09 00:00:00', '2023-08-12 00:00:00', 121012.0000, '2023-08-07 11:08:59', NULL, NULL, NULL, 1, 'NCC-35453'),
('7734fde7-2da6-44f8-b243-13b33af87d6b', 'PC93216', NULL, 0, NULL, NULL, '1ae4f1d0-48f9-3cac-2cdc-88a3ac8a3bba', 'Redhat', 'Liro oser', NULL, NULL, '2020-01-11 09:01:21', NULL, '2022-01-01 00:01:21', NULL, NULL, 'Shae Allan', 0, NULL),
('779b68d5-6c84-3db6-2fd5-e67412897f07', 'PC20544', 'Chi tiền cho 9503', 0, NULL, 'Landwehrstraße 28', '04beaf72-3f35-42ec-86e6-f0b445d54f0b', 'MISA', 'Evamarie Heinzmann', 12, '2022-01-01 00:00:01', '2020-01-01 00:05:58', 0.0000, '2022-01-01 01:46:09', 'Cornell Wentz', '2022-01-01 00:09:30', 'Gaston Lambert', 0, NULL),
('791203eb-5aab-704f-f618-2b2d9a80b3b9', 'PC84246', 'Chi tiền cho 8628', 0, NULL, 'Helene-Lange-Weg 11-16', '01aad493-1f24-44c2-96a5-f2ab28e4a0a8', 'Microsoft', 'Hruodswinda Drews', 5, '2022-08-16 13:15:18', '2020-01-01 00:00:04', 0.0000, '2022-01-01 00:00:03', 'Kris Edwards', '2022-01-17 11:05:38', 'Noelia Bundy', 0, NULL),
('794cff93-5603-3735-c78e-91641f901785', 'PC41888', 'Chi tiền cho 8423', 0, NULL, 'Bazeillesstraße 2d', '04beaf72-3f35-42ec-86e6-f0b445d54f0b', 'Redhat', 'Danckleiff Bremer', 20, '2022-04-26 07:51:11', '2021-06-10 04:39:03', 0.0000, '2022-12-16 04:33:49', 'Gilbert Trevino', '2022-01-01 00:00:10', 'Antony Hogan', 0, NULL),
('7a258478-476d-5b53-f418-2b2d9a80b3b9', 'PC51017', 'Chi tiền cho 0840', 0, NULL, 'Zenettiplatz 2', '1f6428fc-3a0a-5d80-dcab-8b7af6721bcf', NULL, NULL, 10, '2022-01-01 00:04:32', NULL, 0.0000, '2022-01-01 00:01:10', 'Madeline Cole', '2022-01-01 02:05:09', NULL, 0, NULL),
('7afcd8ad-7f7f-776c-ccf8-e7b6e99669ce', 'PC71491', 'Chi tiền cho 0659', 0, NULL, 'Cherubinistraße 1', '01aad493-1f24-44c2-96a5-f2ab28e4a0a8', 'MISA', 'Gunthilde Berg', 4, '2022-08-17 12:00:56', '2020-11-23 21:00:09', 0.0000, '2022-08-02 13:01:55', 'Andres Angulo', '2022-01-01 00:00:20', 'Mirta Ahern', 0, NULL),
('7c43b927-4ca9-4af3-ee18-2b2d9a80b3b9', 'PC78647', 'Chi tiền cho 5737', 0, NULL, 'Lily-Braun-Weg 21', '1f433c09-5d64-37ae-f9f6-092cdb0ab5e8', 'Microsoft', 'Felizitas oritz', 8, '2023-06-21 14:33:20', '2020-09-27 04:57:49', 0.0000, '2022-01-01 00:00:04', 'Janeth Addison', '2022-11-26 06:37:55', 'Chelsey Lombard', 0, NULL),
('7dea0628-41d8-4405-0b07-5cdfb612d857', 'PC21576', NULL, 0, NULL, NULL, '04beaf72-3f35-42ec-86e6-f0b445d54f0b', 'Redhat', 'Baldur  Burgdorf', NULL, NULL, '2021-01-22 09:28:00', NULL, '2022-01-01 00:34:24', NULL, '2022-10-03 17:25:15', 'Sharda Abel', 0, NULL),
('85c83b8e-0eab-4efe-8a40-43fd62dbf677', 'PC98052', NULL, NULL, NULL, 'Hà Nội', 'b68c1c27-0089-47d1-8211-ba0bb66dbd3c', 'Nhà cung cấp 01', NULL, 0, '2023-08-07 00:00:00', '2023-08-07 00:00:00', 0.0000, '2023-08-07 10:13:00', NULL, NULL, NULL, 0, 'NCC-55555'),
('87fe42a7-2c4d-4fec-a0db-17a90ac5b4e6', 'PC3464', NULL, NULL, 'bb999deb-f6cd-487f-96d0-e68cf196b33b', NULL, '8fd88a77-4d10-425e-9a6e-c2de9b214bb1', 'tesst bank', NULL, NULL, '2023-08-05 00:00:00', '2023-08-05 00:00:00', 0.0000, '2023-08-05 11:10:35', NULL, NULL, NULL, 0, NULL),
('8d4f9bcb-bb09-4861-a496-04977ac42ed4', 'PC2324', NULL, NULL, NULL, NULL, NULL, NULL, NULL, NULL, '2023-08-04 00:00:00', '2023-08-04 00:00:00', 0.0000, '2023-08-04 11:11:06', NULL, NULL, NULL, 0, NULL),
('9d78fad7-284c-4db8-b9ad-3c44328d6726', 'PC3483', NULL, NULL, '46325c89-599d-77ef-74f6-423b4e874d0f', 'Ngõ 15 Duy Tân, quận Cầu Giấy, Hà Nội', '4019779e-62ad-1557-e3ab-8b7af6721bcf', 'MISA', NULL, NULL, '2023-08-03 00:00:00', '2023-05-04 00:00:00', 0.0000, '2023-08-04 10:48:13', NULL, NULL, NULL, 0, NULL),
('b153e5e8-15e9-4647-8fe6-40b8aaa903da', '1', NULL, NULL, NULL, NULL, NULL, NULL, NULL, NULL, '2023-08-04 00:00:00', '2023-08-04 00:00:00', 0.0000, '2023-08-04 18:03:35', NULL, NULL, NULL, 0, NULL),
('b53d69f5-b7a0-4194-9491-fbc607457d4d', 'PC23442', NULL, NULL, NULL, NULL, NULL, NULL, NULL, NULL, '2023-08-04 00:00:00', '2023-08-04 00:00:00', 0.0000, '2023-08-04 18:06:15', NULL, NULL, NULL, 0, NULL),
('d0761cf7-51c8-4e25-9d8f-8c172081fd3d', 'PC3744', NULL, NULL, NULL, '9 Ng.4 P.Duy Tân, Dịch Vọng Hậu, Cầu Giấy, Hà Nội', '629d287a-406b-4f35-eef6-092cdb0ab5e8', 'Walmart Inc ', NULL, NULL, '2023-08-04 00:00:00', '2023-08-04 00:00:00', 0.0000, '2023-08-04 11:44:07', NULL, NULL, NULL, 0, NULL),
('d3e66093-1cea-45c5-bac5-3bfa374a5941', 'PC4987', NULL, NULL, 'bb999deb-f6cd-487f-96d0-e68cf196b33b', '9 Ng.4 P.Duy Tân, Dịch Vọng Hậu, Cầu Giấy, Hà Nội', '396eaf2d-5bc5-5766-e7f2-17995bf2968c', 'Kweichow Moutai Co., Ltd.', NULL, NULL, '2023-08-04 00:00:00', '2023-08-04 00:00:00', 0.0000, '2023-08-04 11:37:04', NULL, NULL, NULL, 0, NULL),
('ddd2e13e-ce46-4e24-9bd2-b4d11b777489', 'PC98058', NULL, NULL, NULL, NULL, '141a70c9-327a-4620-a1b3-6de93584e6e5', 'test', NULL, 0, '2023-08-10 00:00:00', '2023-08-10 00:00:00', 0.0000, '2023-08-10 16:19:47', NULL, NULL, NULL, 1, 'NCC-223438'),
('dfbdb247-4a5e-45ca-8b3e-2e6f1e845012', 'PC2342', 'dsfsdf', NULL, 'bb999deb-f6cd-487f-96d0-e68cf196b33b', '9 Ng.4 P.Duy Tân, Dịch Vọng Hậu, Cầu Giấy, Hà Nội', '396eaf2d-5bc5-5766-e7f2-17995bf2968c', 'Kweichow Moutai Co., Ltd.', 'adasd sfsd', 1, '2023-08-06 00:00:00', '2023-08-06 00:00:00', 1155599.0000, '2023-08-05 15:31:09', NULL, NULL, NULL, 1, 'NCC-34731'),
('e4f64137-5dff-43dd-8efd-c3efd36231b7', 'PC3245', NULL, NULL, 'bb999deb-f6cd-487f-96d0-e68cf196b33b', NULL, '2fcb7799-a066-410c-9676-d4d52d3816b0', 'dsfsdf', NULL, NULL, '2023-08-04 00:00:00', '2023-08-04 00:00:00', 0.0000, '2023-08-04 11:41:28', NULL, NULL, NULL, 0, NULL),
('ea779852-74a4-4829-b368-778d9c6f76b6', 'PC2327', NULL, NULL, NULL, NULL, '8fd88a77-4d10-425e-9a6e-c2de9b214bb1', 'tesst bank', NULL, NULL, '2023-08-04 00:00:00', '2023-08-04 00:00:00', 0.0000, '2023-08-04 11:35:08', NULL, NULL, NULL, 0, NULL),
('eba2f56c-1984-4a49-b194-a5dcdd6a8aa4', 'PC3453', NULL, NULL, NULL, NULL, '8fd88a77-4d10-425e-9a6e-c2de9b214bb1', 'tesst bank', NULL, 1, '2023-08-06 00:00:00', '2023-08-06 00:00:00', 3430.0000, '2023-08-06 09:00:53', NULL, NULL, NULL, 1, 'NCC-6422'),
('ebc63f76-36e8-4a6c-8a87-c4b2e965e0dd', 'PC98055', NULL, NULL, NULL, 'Hà Nội', 'b68c1c27-0089-47d1-8211-ba0bb66dbd3c', 'Nhà cung cấp 01', NULL, 1, '2023-08-08 00:00:00', '2023-08-08 00:00:00', 100000.0000, '2023-08-08 13:43:32', NULL, NULL, NULL, 1, 'NCC-55555'),
('f8ab0411-704b-4762-bb69-6d440df04522', 'PC6333', NULL, NULL, NULL, NULL, '674403d2-eea4-42eb-8da0-dc4d35728336', 'fbff', NULL, NULL, '2023-08-05 00:00:00', '2023-08-05 00:00:00', 199.0000, '2023-08-05 15:28:37', NULL, NULL, NULL, 1, 'NCC-234234');

-- 
-- Dumping data for table max_code
--
-- Table `misa.web202304_mf1641_ttanh`.max_code does not contain any data (it is empty)

-- 
-- Dumping data for table location
--
INSERT INTO location VALUES
('02f9de02-5cd8-45bb-998b-98ee51ea7f27', 'Hiệp Thuận', 'adef68c7-4281-4df2-a30d-5f0c97e3663d', 3),
('0bb43e72-7f9e-4ad4-a5b0-3f8f83e59a91', 'An Hưng', 'b092b2d3-3b92-4a80-8f02-657171281cc4', 3),
('1bea908c-6f1b-4d8e-9d5b-7f085bf6c10a', 'Hà Nội', '6747b258-be79-4f22-9d74-9f36bf91a204', 1),
('2d17f4ac-b33c-463f-8925-b13269f70861', 'Hải Phòng', '6747b258-be79-4f22-9d74-9f36bf91a204', 1),
('356e04db-7be0-415d-9d05-3c04447ac925', 'An Đồng', 'b092b2d3-3b92-4a80-8f02-657171281cc4', 3),
('3b705c63-0796-4519-a243-ebe1d59e1761', 'Đà Nẵng', '6747b258-be79-4f22-9d74-9f36bf91a204', 1),
('4ac13d11-1f50-4c11-824d-1b28a32ac396', 'An Hòa', 'b092b2d3-3b92-4a80-8f02-657171281cc4', 3),
('4c45fbd7-6f19-4af6-8dd3-df61f524b79e', 'TP. Hồ Chí Minh', '6747b258-be79-4f22-9d74-9f36bf91a204', 1),
('5a5a320f-98c9-4e78-8705-03f5f253e15c', 'Cần Thơ', '6747b258-be79-4f22-9d74-9f36bf91a204', 1),
('66084472-b5cc-444a-af4e-bb2c76f5ec9b', 'LIên Hiệp', 'adef68c7-4281-4df2-a30d-5f0c97e3663d', 3),
('6747b258-be79-4f22-9d74-9f36bf91a204', 'Việt Nam', NULL, 0),
('6c5db5cc-1ae4-4137-b69a-140f719a81d6', 'Đại Hợp', 'a803781a-46ab-486d-a689-6d07eac4301f', 3),
('6eb154c9-33a5-4c21-9c5e-6111a50b46d2', 'An Giang', '6747b258-be79-4f22-9d74-9f36bf91a204', 1),
('76ea29cb-6d61-44a1-9df7-055283097f78', 'Bà Rịa - Vũng Tàu', '6747b258-be79-4f22-9d74-9f36bf91a204', 1),
('7f97b999-c282-4d45-97aa-177eb4fc4e24', 'Phú Châu', '811a843c-0c94-4ef0-91d8-d3c4482bf6fb', 3),
('811a843c-0c94-4ef0-91d8-d3c4482bf6fb', 'Huyện Ba Vì', '1bea908c-6f1b-4d8e-9d5b-7f085bf6c10a', 2),
('8e646e16-334d-409e-bfe3-7c8f8f4f6815', 'Bạc Liêu', '6747b258-be79-4f22-9d74-9f36bf91a204', 1),
('90168a16-0287-438b-bdf1-99d5d1f0092f', 'Bắc Giang', '6747b258-be79-4f22-9d74-9f36bf91a204', 1),
('948d26f0-1d43-4cda-9943-8dd0b2d2b7a5', 'Đại Đồng', 'a803781a-46ab-486d-a689-6d07eac4301f', 3),
('9e84f4ab-6039-4702-a0cb-98f6e53c22bf', 'Bắc Kạn', '6747b258-be79-4f22-9d74-9f36bf91a204', 1),
('a715c423-c906-4a4e-8913-bf5a5f7f881c', 'Bắc Ninh', '6747b258-be79-4f22-9d74-9f36bf91a204', 1),
('a803781a-46ab-486d-a689-6d07eac4301f', 'Huyện Kiến Thuỵ', '2d17f4ac-b33c-463f-8925-b13269f70861', 2),
('adef68c7-4281-4df2-a30d-5f0c97e3663d', 'Huyện Phúc Thọ', '1bea908c-6f1b-4d8e-9d5b-7f085bf6c10a', 2),
('b092b2d3-3b92-4a80-8f02-657171281cc4', 'Huyện An Dương', '2d17f4ac-b33c-463f-8925-b13269f70861', 2),
('b5e1f8c9-2b2b-458b-8b1c-d90f8866b4f1', 'Bến Tre', '6747b258-be79-4f22-9d74-9f36bf91a204', 1),
('b7d77868-3dd7-4f5a-9390-bd8ea9ce0362', 'Huyện Hòa Vang', '3b705c63-0796-4519-a243-ebe1d59e1761', 2),
('bf6c8b12-956d-4b40-8f7a-6e73d7c5a993', 'Bình Định', '6747b258-be79-4f22-9d74-9f36bf91a204', 1),
('c0593d0c-bfe3-41b3-8434-6c2d25b6c1e7', 'Bình Dương', '6747b258-be79-4f22-9d74-9f36bf91a204', 1),
('c2f4449f-7215-4b94-8e0a-3b7f7e2eb0d1', 'Phú Cường', '811a843c-0c94-4ef0-91d8-d3c4482bf6fb', 3),
('c6a9a801-6669-4d7d-bc26-d8353ea2c10b', 'Đại Hà', 'a803781a-46ab-486d-a689-6d07eac4301f', 3),
('c8cb3bb9-6f28-4b27-9ca2-1f5cf61109e2', 'Bình Phước', '6747b258-be79-4f22-9d74-9f36bf91a204', 1),
('cf789c8c-4652-4410-8c5e-2e7b42a83120', 'Cổ Đô', '811a843c-0c94-4ef0-91d8-d3c4482bf6fb', 3),
('d8a70ef4-c648-419b-8c50-866ec96749bc', 'Bình Thuận', '6747b258-be79-4f22-9d74-9f36bf91a204', 1),
('df179f56-d9cc-459e-99f7-4e251d438a06', 'Hát Môn', 'adef68c7-4281-4df2-a30d-5f0c97e3663d', 3),
('e48abf3b-9de9-41c1-8cd6-4e51842c5d1a', 'Huyện Hoàng Sa', '3b705c63-0796-4519-a243-ebe1d59e1761', 2),
('e6fb36ac-9400-4f68-b06b-b95e21cc4df5', 'Cà Mau', '6747b258-be79-4f22-9d74-9f36bf91a204', 1),
('e81cb23c-25af-40f9-974c-19c9fc7ea5db', 'Cao Bằng', '6747b258-be79-4f22-9d74-9f36bf91a204', 1),
('f96cfb80-7ecb-4b7a-82a4-d4b6283eb679', 'Đắk Lắk', '6747b258-be79-4f22-9d74-9f36bf91a204', 1),
('ff3547d2-e51e-42d5-862e-8a8b13c60474', 'Đắk Nông', '6747b258-be79-4f22-9d74-9f36bf91a204', 1);

-- 
-- Dumping data for table group_provider
--
INSERT INTO group_provider VALUES
('04beaf72-3f35-42ec-86e6-f0b445d54f0b', '2000637a-2a69-2e7e-a135-f63bd3f197bd', NULL, NULL, NULL, NULL, NULL),
('4a756255-60b4-6d83-d392-0ed10b503732', '2000637a-2a69-2e7e-a135-f63bd3f197bd', 'Holly Estrada', '2004-03-08 10:50:59', 'Hosea Neill', '2023-04-14 14:33:19', NULL),
('4ddd46a8-42d2-6d26-1191-0af2c7f2a1a0', '2000637a-2a69-2e7e-a135-f63bd3f197bd', 'Belle Burge', '2009-08-17 08:01:26', 'Yolanda Fitzpatrick', '2023-03-08 21:32:41', NULL),
('4e4dd06a-1a04-681f-29dc-88a3ac8a3bba', '2000637a-2a69-2e7e-a135-f63bd3f197bd', 'Norbert Toliver', '2003-01-01 00:00:10', 'Hunter Abreu', '2023-01-01 00:00:05', NULL),
('53106d08-e967-4eb9-b349-cb8117f338e1', '2000637a-2a69-2e7e-a135-f63bd3f197bd', NULL, NULL, NULL, NULL, 'KH2447'),
('60e353a5-58e0-5144-d8ab-8b7af6721bcf', '2000637a-2a69-2e7e-a135-f63bd3f197bd', 'Antonia Dancy', '2003-01-01 00:01:22', 'Adelle Leyva', '2023-01-01 00:00:09', NULL),
('627a8c9b-723f-4bfb-bf28-500cc65bc3d2', '2000637a-2a69-2e7e-a135-f63bd3f197bd', NULL, NULL, NULL, NULL, NULL),
('70b6bbaf-03c7-4bff-9192-e9421da28b5b', '2000637a-2a69-2e7e-a135-f63bd3f197bd', NULL, NULL, NULL, NULL, 'KH2447'),
('8fd88a77-4d10-425e-9a6e-c2de9b214bb1', '2000637a-2a69-2e7e-a135-f63bd3f197bd', NULL, NULL, NULL, NULL, NULL),
('b68c1c27-0089-47d1-8211-ba0bb66dbd3c', '2000637a-2a69-2e7e-a135-f63bd3f197bd', NULL, NULL, NULL, NULL, 'KH2447'),
('c8901983-c857-4fe4-b8df-b42421987feb', '2000637a-2a69-2e7e-a135-f63bd3f197bd', NULL, NULL, NULL, NULL, 'KH2447'),
('fe435469-2e21-4936-8548-fa36a5c9340a', '2000637a-2a69-2e7e-a135-f63bd3f197bd', NULL, '2023-07-31 20:44:58', NULL, NULL, NULL),
('35251a6d-3944-4983-ba47-901f27b89d18', '27f91d6c-14b1-6c74-92ef-c9d5c2d91e91', 'Abigail Acevedo', '2003-01-01 00:10:28', 'Erich Foster', '2023-06-22 08:34:57', NULL),
('4a756255-60b4-6d83-d392-0ed10b503732', '27f91d6c-14b1-6c74-92ef-c9d5c2d91e91', 'Damian Abrams', '2017-04-14 01:57:16', 'Tova Conway', '2023-01-15 06:54:25', NULL),
('4e4dd06a-1a04-681f-29dc-88a3ac8a3bba', '27f91d6c-14b1-6c74-92ef-c9d5c2d91e91', NULL, NULL, 'Lizabeth Kang', '2023-03-31 17:13:41', NULL),
('5017b949-77c1-2758-e5f2-17995bf2968c', '27f91d6c-14b1-6c74-92ef-c9d5c2d91e91', 'Jacob Acuna', '2003-01-01 00:00:05', 'Bert Reaves', '2023-06-26 02:58:21', NULL),
('53106d08-e967-4eb9-b349-cb8117f338e1', '27f91d6c-14b1-6c74-92ef-c9d5c2d91e91', NULL, NULL, NULL, NULL, 'KH1062'),
('60e353a5-58e0-5144-d8ab-8b7af6721bcf', '27f91d6c-14b1-6c74-92ef-c9d5c2d91e91', 'Abby Cormier', '2003-01-01 00:49:10', 'Maria Casillas', '2023-01-29 13:28:33', NULL),
('04beaf72-3f35-42ec-86e6-f0b445d54f0b', '2cae53dc-6c39-2a1e-4df6-9777a5de214b', NULL, '2023-07-30 15:40:27', NULL, NULL, NULL),
('4ddd46a8-42d2-6d26-1191-0af2c7f2a1a0', '2cae53dc-6c39-2a1e-4df6-9777a5de214b', 'Carolann Crowe', '2020-01-24 06:58:18', 'Simon Jacobs', '2023-02-15 01:19:41', NULL),
('4e4dd06a-1a04-681f-29dc-88a3ac8a3bba', '2cae53dc-6c39-2a1e-4df6-9777a5de214b', 'Leta Hanes', '2003-01-01 00:00:24', 'Verlene Frazier', '2023-01-01 00:09:46', NULL),
('53106d08-e967-4eb9-b349-cb8117f338e1', '2cae53dc-6c39-2a1e-4df6-9777a5de214b', NULL, NULL, NULL, NULL, 'KH5755'),
('60e353a5-58e0-5144-d8ab-8b7af6721bcf', '2cae53dc-6c39-2a1e-4df6-9777a5de214b', 'Abram Koontz', '2003-09-03 04:25:20', NULL, NULL, NULL),
('641eb0d6-1506-74b9-2adc-88a3ac8a3bba', '2cae53dc-6c39-2a1e-4df6-9777a5de214b', NULL, NULL, 'Abe Ackerman', '2023-01-01 00:01:36', NULL),
('70b6bbaf-03c7-4bff-9192-e9421da28b5b', '2cae53dc-6c39-2a1e-4df6-9777a5de214b', NULL, NULL, NULL, NULL, 'KH5755'),
('7b83f941-79d0-4dbe-bda4-8579b757696c', '2cae53dc-6c39-2a1e-4df6-9777a5de214b', NULL, '2023-07-30 12:43:34', NULL, NULL, NULL),
('894aa4aa-62b6-45a6-a40f-ad24bc5789f9', '2cae53dc-6c39-2a1e-4df6-9777a5de214b', NULL, NULL, NULL, NULL, NULL),
('c8901983-c857-4fe4-b8df-b42421987feb', '2cae53dc-6c39-2a1e-4df6-9777a5de214b', NULL, NULL, NULL, NULL, 'KH5755'),
('fe435469-2e21-4936-8548-fa36a5c9340a', '2cae53dc-6c39-2a1e-4df6-9777a5de214b', NULL, '2023-07-31 20:44:58', NULL, NULL, NULL),
('35251a6d-3944-4983-ba47-901f27b89d18', '30007451-29ff-4fe4-3707-70859f4ff30d', 'Haley Otis', '2021-01-09 03:30:43', 'Adelaida Abreu', '2023-01-01 00:06:24', NULL),
('4e4dd06a-1a04-681f-29dc-88a3ac8a3bba', '30007451-29ff-4fe4-3707-70859f4ff30d', 'Catherina Overstreet', '2003-11-27 10:08:31', 'Alana Willett', '2023-01-01 01:51:14', NULL),
('5017b949-77c1-2758-e5f2-17995bf2968c', '30007451-29ff-4fe4-3707-70859f4ff30d', 'John Gaddy', '2007-01-27 15:46:00', NULL, NULL, NULL),
('53106d08-e967-4eb9-b349-cb8117f338e1', '30007451-29ff-4fe4-3707-70859f4ff30d', NULL, NULL, NULL, NULL, 'KH9142'),
('70b6bbaf-03c7-4bff-9192-e9421da28b5b', '30007451-29ff-4fe4-3707-70859f4ff30d', NULL, NULL, NULL, NULL, 'KH9142'),
('7c6369f2-18d3-679e-d7ab-8b7af6721bcf', '30007451-29ff-4fe4-3707-70859f4ff30d', 'Florrie Browder', '2005-10-22 11:39:50', 'Johnathan Meeks', '2023-02-15 10:47:58', NULL),
('b68c1c27-0089-47d1-8211-ba0bb66dbd3c', '30007451-29ff-4fe4-3707-70859f4ff30d', NULL, NULL, NULL, NULL, 'KH9142'),
('c8901983-c857-4fe4-b8df-b42421987feb', '30007451-29ff-4fe4-3707-70859f4ff30d', NULL, NULL, NULL, NULL, 'KH9142'),
('4ddd46a8-42d2-6d26-1191-0af2c7f2a1a0', '34e2b4cc-3758-293d-7aa4-4b24de418577', NULL, NULL, 'Adriene Booth', '2023-03-15 19:22:09', NULL),
('4e4dd06a-1a04-681f-29dc-88a3ac8a3bba', '34e2b4cc-3758-293d-7aa4-4b24de418577', 'Dewitt Heredia', '2010-06-03 19:39:53', 'Clarence Mast', '2023-04-17 11:16:19', NULL),
('5017b949-77c1-2758-e5f2-17995bf2968c', '34e2b4cc-3758-293d-7aa4-4b24de418577', 'Stacey Mccune', '2006-05-18 00:23:40', 'Carlee Kauffman', '2023-01-01 00:00:18', NULL),
('53106d08-e967-4eb9-b349-cb8117f338e1', '34e2b4cc-3758-293d-7aa4-4b24de418577', NULL, NULL, NULL, NULL, 'KH2335'),
('60e353a5-58e0-5144-d8ab-8b7af6721bcf', '34e2b4cc-3758-293d-7aa4-4b24de418577', 'Derick Squires', '2003-01-01 00:03:03', 'Kristine Harder', '2023-01-01 00:07:56', NULL),
('fe435469-2e21-4936-8548-fa36a5c9340a', '34e2b4cc-3758-293d-7aa4-4b24de418577', 'string', '2023-07-31 08:11:24', NULL, NULL, NULL),
('35251a6d-3944-4983-ba47-901f27b89d18', '3e39129b-279f-623f-88ea-778aee59fea3', 'Cristen Acevedo', '2011-11-29 21:48:43', 'Jerrell Gates', '2023-03-27 20:08:07', NULL),
('5017b949-77c1-2758-e5f2-17995bf2968c', '3e39129b-279f-623f-88ea-778aee59fea3', 'Moises Brewer', '2003-01-01 01:48:41', 'June Ali', '2023-05-29 04:40:17', NULL),
('53106d08-e967-4eb9-b349-cb8117f338e1', '3e39129b-279f-623f-88ea-778aee59fea3', NULL, NULL, NULL, NULL, 'KH0335'),
('f0803a24-c1d5-4944-a013-e800cd5b64ab', '3e39129b-279f-623f-88ea-778aee59fea3', NULL, NULL, NULL, NULL, 'KH0335'),
('35251a6d-3944-4983-ba47-901f27b89d18', '6528b15d-6674-724f-79a4-4b24de418577', 'Letha Begley', '2009-04-21 18:00:43', 'Yahaira Newkirk', '2023-01-01 00:00:44', NULL),
('4e4dd06a-1a04-681f-29dc-88a3ac8a3bba', '6528b15d-6674-724f-79a4-4b24de418577', 'Billye Arndt', '2014-12-31 02:53:43', 'Abraham Richardson', '2023-01-01 00:07:38', NULL),
('5017b949-77c1-2758-e5f2-17995bf2968c', '6528b15d-6674-724f-79a4-4b24de418577', 'Kenneth Abernathy', '2016-06-30 22:25:06', 'Keven Bauman', '2023-01-10 03:50:47', NULL),
('53106d08-e967-4eb9-b349-cb8117f338e1', '6528b15d-6674-724f-79a4-4b24de418577', NULL, NULL, NULL, NULL, 'KH3863'),
('60e353a5-58e0-5144-d8ab-8b7af6721bcf', '6528b15d-6674-724f-79a4-4b24de418577', 'Onita Kurtz', '2003-01-01 00:42:09', 'Tod Cosby', '2023-06-10 02:03:48', NULL),
('f0803a24-c1d5-4944-a013-e800cd5b64ab', '6528b15d-6674-724f-79a4-4b24de418577', NULL, NULL, NULL, NULL, 'KH3863');

-- 
-- Dumping data for table bank_account
--
INSERT INTO bank_account VALUES
('00e1a9a9-3a44-4c53-b4a6-666a19c651b6', '1234', 'bidv', 'cg', NULL, '274ce223-6551-4e07-b7a1-ff4614c50f26', NULL, NULL, NULL, NULL),
('0982b01f-89fc-4398-9f17-1ed896cb8b91', '23232', NULL, NULL, NULL, '9c84cc8b-62b5-4092-9e99-9a16305079d1', NULL, NULL, NULL, NULL),
('25c7ec8d-7159-4172-b516-d9baa30b2b8b', '111133', NULL, NULL, NULL, '5b56bcbb-f112-4367-b042-1c74cc74f296', NULL, NULL, NULL, NULL),
('44398667-eca0-4e87-9f84-e58451518ce4', '123', 'bidv', 'cg', NULL, '274ce223-6551-4e07-b7a1-ff4614c50f26', NULL, NULL, NULL, NULL),
('4b2c237c-af4d-437e-baa0-a2cdef15b806', '234223', 'Bidb', NULL, NULL, '70b6bbaf-03c7-4bff-9192-e9421da28b5b', NULL, NULL, NULL, NULL),
('4faf8464-6133-4ff3-83c6-054a30999a74', '2342', 'bidv', 'a', 'hN', 'cf957f74-b17d-49be-8776-38fc25ed2a44', NULL, NULL, NULL, NULL),
('56ea5834-86de-49c9-b596-b46f82f10b15', '123123123', NULL, NULL, NULL, '04474cc3-a7a8-4a21-a3c3-08ce0ed4b054', NULL, NULL, NULL, NULL),
('6013f047-cf80-4c4a-877c-5d91cb0bb97c', '1111', NULL, NULL, NULL, '5b56bcbb-f112-4367-b042-1c74cc74f296', NULL, NULL, NULL, NULL),
('82e8553e-9c58-4698-9b3b-d846d99f4694', 'qqqw', NULL, NULL, NULL, '1bd0beda-2bea-49b5-8954-b2ea66e49e36', NULL, NULL, NULL, NULL),
('87be427e-c48c-4510-b8eb-614dc4071658', '123123', NULL, NULL, NULL, '04474cc3-a7a8-4a21-a3c3-08ce0ed4b054', NULL, NULL, NULL, NULL),
('989fb86e-84a8-4e44-8960-56fa0e1447c8', 'string', NULL, 'string', 'string', 'fe435469-2e21-4936-8548-fa36a5c9340a', NULL, NULL, NULL, NULL),
('c973a91f-3191-4b8f-93b6-fb0dbaa9632f', '1212112', NULL, NULL, NULL, '540d2e00-9228-4247-9eea-fed1aebe5e23', NULL, NULL, NULL, NULL),
('d102bb62-9ccf-4852-82f1-f5adea02c698', '234223', 'Bidb', NULL, NULL, 'c8901983-c857-4fe4-b8df-b42421987feb', NULL, NULL, NULL, NULL),
('dc396724-f3a3-4cef-8d4d-2a8de98dac6e', '2323', NULL, NULL, NULL, '9c84cc8b-62b5-4092-9e99-9a16305079d1', NULL, NULL, NULL, NULL),
('ddaf8658-a0f5-4804-9633-e7f7e85176b2', '2342', 'Bidb', NULL, NULL, '70b6bbaf-03c7-4bff-9192-e9421da28b5b', NULL, NULL, NULL, NULL),
('e055ad3e-0dd9-4ceb-9e14-9b54d3dd5ec5', '13234', 'bidv', NULL, NULL, 'f0803a24-c1d5-4944-a013-e800cd5b64ab', NULL, NULL, NULL, NULL),
('e073d790-4f5a-4d03-a389-98b67eb49428', '2342', 'Bidb', NULL, NULL, 'c8901983-c857-4fe4-b8df-b42421987feb', NULL, NULL, NULL, NULL);

-- 
-- Dumping data for table address_ship
--
INSERT INTO address_ship VALUES
('cf7e12f8-a61c-45c8-b555-59fee13ecf51', 'abc', 'fe435469-2e21-4936-8548-fa36a5c9340a', NULL, NULL, NULL, NULL),
('756550d8-a462-4cf4-80b8-e01258680960', 'Hà Nội', 'b68c1c27-0089-47d1-8211-ba0bb66dbd3c', NULL, NULL, NULL, NULL),
('2707c754-5665-4060-ba07-f12564517f1f', 'sdfsdfsdf', '04474cc3-a7a8-4a21-a3c3-08ce0ed4b054', NULL, NULL, NULL, NULL);

-- 
-- Dumping data for table accountant
--
INSERT INTO accountant VALUES
('', NULL, 'ac949f0f-3bd7-4ac3-b0f7-2ec7f7e9aec6', 'ac949f0f-3bd7-4ac3-b0f7-2ec7f7e9aec6', '00000000-0000-0000-0000-000000000000', 2000, NULL, NULL, NULL, NULL),
('08d1a69b-ebc7-43bf-acda-7448bb225567', 'Chi tiền cho', '98b021a2-7b8c-4e68-8b35-76830f454030', '9c63abeb-7ea1-491e-b030-9271fe3ca0a2', '9d78fad7-284c-4db8-b9ad-3c44328d6726', 100, NULL, NULL, NULL, NULL),
('08dd083c-ef3f-4c88-91fc-72e6ba744d0c', NULL, 'ac949f0f-3bd7-4ac3-b0f7-2ec7f7e9aec6', 'ac949f0f-3bd7-4ac3-b0f7-2ec7f7e9aec6', '3d92e054-515f-488a-a46d-a10362f39a55', 100, NULL, NULL, NULL, NULL),
('0a82b9b0-6021-4892-8972-589d7993e185', 'chi tien', 'ac949f0f-3bd7-4ac3-b0f7-2ec7f7e9aec6', 'ac949f0f-3bd7-4ac3-b0f7-2ec7f7e9aec6', '51b59636-bd02-4a74-9745-e08b40514795', 0, NULL, NULL, NULL, NULL),
('0a9a28b0-9734-44b4-b4cb-cbfda9fcc13b', NULL, '3569cda0-77e9-425f-92c6-7d1a57855480', '3569cda0-77e9-425f-92c6-7d1a57855480', '77223983-7f69-48a9-b31c-5c7672a4f8ba', 121012, NULL, NULL, NULL, NULL),
('11b0a9b7-90fd-42a7-8e3a-15a930fa6203', NULL, '3569cda0-77e9-425f-92c6-7d1a57855480', '3569cda0-77e9-425f-92c6-7d1a57855480', 'ddd2e13e-ce46-4e24-9bd2-b4d11b777489', NULL, NULL, NULL, NULL, NULL),
('1c168ff2-5c20-499d-a3c4-31b2ec330b66', NULL, 'ac949f0f-3bd7-4ac3-b0f7-2ec7f7e9aec6', 'ac949f0f-3bd7-4ac3-b0f7-2ec7f7e9aec6', '323b4ac3-33b9-49bb-9b22-33a807a264fe', 0, NULL, NULL, NULL, NULL),
('2b66edd0-4caa-7475-3231-644313fbb055', 'Chi tiên cho 935', 'b17a0019-c4bd-40e0-a6f9-c99b1bc840f3', '03965108-499c-489c-861a-04685f65e6eb', '38823d8e-19ba-5e32-ae43-13b33af87d6b', -248316457, NULL, NULL, NULL, NULL),
('2bf6b921-ad31-4ab1-bd1a-a673f16fadac', 'chi tiền', 'ac949f0f-3bd7-4ac3-b0f7-2ec7f7e9aec6', 'ac949f0f-3bd7-4ac3-b0f7-2ec7f7e9aec6', '8d4f9bcb-bb09-4861-a496-04977ac42ed4', 0, NULL, NULL, NULL, NULL),
('2e05a120-68ca-4d27-81cf-11c4bfea178c', 'chi tien', 'ac949f0f-3bd7-4ac3-b0f7-2ec7f7e9aec6', 'ac949f0f-3bd7-4ac3-b0f7-2ec7f7e9aec6', 'd0761cf7-51c8-4e25-9d8f-8c172081fd3d', 0, NULL, NULL, NULL, NULL),
('2e72d671-36cd-4949-2ba8-6d513e380bde', 'Chi tiên cho 474', 'e2167b0b-4ef4-4ffe-aa49-119e840e47f1', '1d9d1c9b-1e89-4575-87cd-fef7eb686570', NULL, 0, NULL, NULL, NULL, NULL),
('32410b2e-ed46-4516-ae2d-af68b35b7b1e', NULL, 'ac949f0f-3bd7-4ac3-b0f7-2ec7f7e9aec6', 'ac949f0f-3bd7-4ac3-b0f7-2ec7f7e9aec6', 'f8ab0411-704b-4762-bb69-6d440df04522', 199, NULL, NULL, NULL, NULL),
('35e773ea-5d44-2dda-26a8-6d513e380bde', 'Chi tiên cho 625', 'b17a0019-c4bd-40e0-a6f9-c99b1bc840f3', '7686e151-3d90-43d5-ae72-4b633395d3cd', '794cff93-5603-3735-c78e-91641f901785', -2074967167, NULL, NULL, NULL, NULL),
('3a9bddf8-45b5-74ca-3131-644313fbb055', 'Chi tiên cho 563', 'e2167b0b-4ef4-4ffe-aa49-119e840e47f1', '03965108-499c-489c-861a-04685f65e6eb', '1a7aa26b-3750-6ae7-d4cd-ac7bb5e819a0', -888759, NULL, NULL, NULL, NULL),
('3f883b56-3b5a-4186-ad19-97ae53a3c86f', NULL, 'ac949f0f-3bd7-4ac3-b0f7-2ec7f7e9aec6', 'ac949f0f-3bd7-4ac3-b0f7-2ec7f7e9aec6', '00000000-0000-0000-0000-000000000000', 2000, NULL, NULL, NULL, NULL),
('3fa85f64-5717-4562-b3fc-2c963f66afa6', 'string', '23968d6c-27e6-4c0c-93a0-9aeaa26a926d', '654cc88b-b296-4bc0-9dff-3506f65a38a9', '84721712-58e3-415f-920c-4159b9afadfe', 0, '2023-08-03 09:57:26', 'string', '2023-08-03 09:57:26', 'string'),
('41c9214e-14cd-5f4a-40f3-eb0223d0a4f7', 'Chi tiên cho 605', '98b021a2-7b8c-4e68-8b35-76830f454030', '03965108-499c-489c-861a-04685f65e6eb', '6dce17bb-2a7b-43bf-dc43-6668ce2e03e8', 0, NULL, NULL, NULL, NULL),
('449f4a82-5124-2847-ba63-f389a2b8a695', 'Chi tiên cho 740', '9c63abeb-7ea1-491e-b030-9271fe3ca0a2', '1d9d1c9b-1e89-4575-87cd-fef7eb686570', '38823d8e-19ba-5e32-ae43-13b33af87d6b', 0, NULL, NULL, NULL, NULL),
('45ac3d26-18f2-18a9-3031-644313fbb055', 'Chi tiên cho 515', 'e2167b0b-4ef4-4ffe-aa49-119e840e47f1', '7686e151-3d90-43d5-ae72-4b633395d3cd', '6dce17bb-2a7b-43bf-dc43-6668ce2e03e8', -617853697, NULL, NULL, NULL, NULL),
('4b65b71a-5f55-3f9e-29a8-6d513e380bde', 'Chi tiên cho 738', 'e2167b0b-4ef4-4ffe-aa49-119e840e47f1', '7686e151-3d90-43d5-ae72-4b633395d3cd', '1a7aa26b-3750-6ae7-d4cd-ac7bb5e819a0', -1617477340, NULL, NULL, NULL, NULL),
('4b6b0258-4404-478f-18e6-e5912e63173c', 'Chi tiên cho 009', 'b17a0019-c4bd-40e0-a6f9-c99b1bc840f3', '1d9d1c9b-1e89-4575-87cd-fef7eb686570', '1a7aa26b-3750-6ae7-d4cd-ac7bb5e819a0', -1126720611, NULL, NULL, NULL, NULL),
('536fb797-4470-4d28-1b8f-6354f958f4c0', 'Chi tiên cho 012', 'b17a0019-c4bd-40e0-a6f9-c99b1bc840f3', '03965108-499c-489c-861a-04685f65e6eb', '794cff93-5603-3735-c78e-91641f901785', -1507272580, NULL, NULL, NULL, NULL),
('58e30e45-453c-4992-a118-75d8bd200d7c', 'Chi tiên cho 431', 'b17a0019-c4bd-40e0-a6f9-c99b1bc840f3', '03965108-499c-489c-861a-04685f65e6eb', '6dce17bb-2a7b-43bf-dc43-6668ce2e03e8', -385002188, NULL, NULL, NULL, NULL),
('5cbc2c4b-7d51-59ae-bb63-f389a2b8a695', 'Chi tiên cho 089', 'b17a0019-c4bd-40e0-a6f9-c99b1bc840f3', '03965108-499c-489c-861a-04685f65e6eb', '794cff93-5603-3735-c78e-91641f901785', -1103051678, NULL, NULL, NULL, NULL),
('621b8dcc-23b6-4783-82db-370be49502c2', NULL, '3569cda0-77e9-425f-92c6-7d1a57855480', '3569cda0-77e9-425f-92c6-7d1a57855480', '246a698c-d1ea-427c-9334-2f7e841b1a6d', NULL, NULL, NULL, NULL, NULL),
('676a9ab6-33e3-4094-28a8-6d513e380bde', 'Chi tiên cho 078', '98b021a2-7b8c-4e68-8b35-76830f454030', '03965108-499c-489c-861a-04685f65e6eb', '38823d8e-19ba-5e32-ae43-13b33af87d6b', -779709428, NULL, NULL, NULL, NULL),
('6824ec57-75c6-213d-1ae6-e5912e63173c', 'Chi tiên cho 695', '9c63abeb-7ea1-491e-b030-9271fe3ca0a2', '7686e151-3d90-43d5-ae72-4b633395d3cd', '1a7aa26b-3750-6ae7-d4cd-ac7bb5e819a0', -1720299079, NULL, NULL, NULL, NULL),
('75cce5a6-4f7f-3671-3cf3-eb0223d0a4f7', 'Chi tiên cho 917', '9c63abeb-7ea1-491e-b030-9271fe3ca0a2', '1d9d1c9b-1e89-4575-87cd-fef7eb686570', '6dce17bb-2a7b-43bf-dc43-6668ce2e03e8', -1978680242, NULL, NULL, NULL, NULL),
('78aafe4a-67a7-2076-3bf3-eb0223d0a4f7', 'Chi tiên cho 643', '9c63abeb-7ea1-491e-b030-9271fe3ca0a2', '1d9d1c9b-1e89-4575-87cd-fef7eb686570', '6dce17bb-2a7b-43bf-dc43-6668ce2e03e8', -1529059329, NULL, NULL, NULL, NULL),
('7c3f0380-7e8c-6885-19e6-e5912e63173c', 'Chi tiên cho 649', '98b021a2-7b8c-4e68-8b35-76830f454030', '1d9d1c9b-1e89-4575-87cd-fef7eb686570', '1a7aa26b-3750-6ae7-d4cd-ac7bb5e819a0', -92, NULL, NULL, NULL, NULL),
('7c4f14d8-66fb-14ae-198f-6354f958f4c0', 'Chi tiên cho 084', 'b17a0019-c4bd-40e0-a6f9-c99b1bc840f3', '03965108-499c-489c-861a-04685f65e6eb', '38823d8e-19ba-5e32-ae43-13b33af87d6b', -611296160, NULL, NULL, NULL, NULL),
('7f1ea503-cac0-4dd1-bfe1-22235ceed4d5', 'abc', 'ac949f0f-3bd7-4ac3-b0f7-2ec7f7e9aec6', 'ac949f0f-3bd7-4ac3-b0f7-2ec7f7e9aec6', '00000000-0000-0000-0000-000000000000', 100, NULL, NULL, NULL, NULL),
('8017b4e2-84d1-474e-855a-05db5c73a5e2', NULL, '3569cda0-77e9-425f-92c6-7d1a57855480', '3569cda0-77e9-425f-92c6-7d1a57855480', '2b8ec0a5-50a5-47fe-8cb5-e77581a053bb', 0, NULL, NULL, NULL, NULL),
('81f64968-06b1-4d87-b3fd-789156ad8da8', 'chi tien', 'ac949f0f-3bd7-4ac3-b0f7-2ec7f7e9aec6', 'ac949f0f-3bd7-4ac3-b0f7-2ec7f7e9aec6', 'd3e66093-1cea-45c5-bac5-3bfa374a5941', 0, NULL, NULL, NULL, NULL),
('83093492-1931-4361-bec8-2c07eb8ae677', NULL, '3569cda0-77e9-425f-92c6-7d1a57855480', '3569cda0-77e9-425f-92c6-7d1a57855480', '32e5bba0-cada-4fde-ba08-6aa1acb6a5b9', NULL, NULL, NULL, NULL, NULL),
('90cf8f44-8e78-4fe7-92f5-2a569eaa6b8e', NULL, '3569cda0-77e9-425f-92c6-7d1a57855480', '3569cda0-77e9-425f-92c6-7d1a57855480', '85c83b8e-0eab-4efe-8a40-43fd62dbf677', 0, NULL, NULL, NULL, NULL),
('910b2d29-55d6-4ab3-a74a-974af253c686', 'chi tien', 'ac949f0f-3bd7-4ac3-b0f7-2ec7f7e9aec6', 'ac949f0f-3bd7-4ac3-b0f7-2ec7f7e9aec6', 'ea779852-74a4-4829-b368-778d9c6f76b6', 0, NULL, NULL, NULL, NULL),
('98b0ac87-7677-4f69-8e36-e4bb7ff6a186', 'chi tien', '70fb9e09-a2d0-4d37-a233-8344b06f0534', 'cfb79cab-afec-48d2-8579-eb6424422bd1', '50581635-e382-4ff1-aec4-cd9783a6ee78', 2422, NULL, NULL, NULL, NULL),
('a058d543-2ed8-400e-b852-89457f25ef9f', NULL, 'cfb79cab-afec-48d2-8579-eb6424422bd1', 'cfb79cab-afec-48d2-8579-eb6424422bd1', '71f8cafc-96f4-4cb9-a90b-88c085e5d46a', 100, NULL, NULL, NULL, NULL),
('a2d7aaee-135f-4383-ba4e-8da93ba4b74a', NULL, 'ac949f0f-3bd7-4ac3-b0f7-2ec7f7e9aec6', 'ac949f0f-3bd7-4ac3-b0f7-2ec7f7e9aec6', '3ba70f42-9af0-4c17-8199-27634db98bac', 100, NULL, NULL, NULL, NULL),
('a4654006-054a-424f-aea4-19e5b571312f', NULL, 'ac949f0f-3bd7-4ac3-b0f7-2ec7f7e9aec6', 'ac949f0f-3bd7-4ac3-b0f7-2ec7f7e9aec6', '00000000-0000-0000-0000-000000000000', 1000, NULL, NULL, NULL, NULL),
('a7862b28-5c48-4ed9-a14b-fbcd7fd4c704', 'chi tien', 'ac949f0f-3bd7-4ac3-b0f7-2ec7f7e9aec6', 'ac949f0f-3bd7-4ac3-b0f7-2ec7f7e9aec6', 'e4f64137-5dff-43dd-8efd-c3efd36231b7', 0, NULL, NULL, NULL, NULL),
('abe1f3fa-86e3-47bd-8ec5-fd2f0affdcf3', NULL, '3569cda0-77e9-425f-92c6-7d1a57855480', '3569cda0-77e9-425f-92c6-7d1a57855480', 'ebc63f76-36e8-4a6c-8a87-c4b2e965e0dd', 100000, NULL, NULL, NULL, NULL),
('adab838b-280e-4d12-8268-afde3b78866e', NULL, 'ac949f0f-3bd7-4ac3-b0f7-2ec7f7e9aec6', 'ac949f0f-3bd7-4ac3-b0f7-2ec7f7e9aec6', '4c19d6c6-bec3-4d9f-a12f-f47b15e9e0e7', 4545, NULL, NULL, NULL, NULL),
('ae4ebdd9-4373-4241-98fb-f676f1153d3f', NULL, '70fb9e09-a2d0-4d37-a233-8344b06f0534', '70fb9e09-a2d0-4d37-a233-8344b06f0534', '0319dca8-9b14-4118-b8b5-b5deb70aa922', 0, NULL, NULL, NULL, NULL),
('bfa77f04-54bf-4a07-8e47-b8dea70e2d49', NULL, 'ac949f0f-3bd7-4ac3-b0f7-2ec7f7e9aec6', 'ac949f0f-3bd7-4ac3-b0f7-2ec7f7e9aec6', '632c52e0-e3c5-4671-b748-d7971db34763', 1111, NULL, NULL, NULL, NULL),
('bfe2f7bd-2494-45e2-b890-0cf0eca30c2f', 'dsfdfs', 'ac949f0f-3bd7-4ac3-b0f7-2ec7f7e9aec6', 'ac949f0f-3bd7-4ac3-b0f7-2ec7f7e9aec6', 'dfbdb247-4a5e-45ca-8b3e-2e6f1e845012', 1155599, NULL, NULL, NULL, NULL),
('c7d70478-54b0-4b28-a156-24fbd09a0cc0', NULL, 'ac949f0f-3bd7-4ac3-b0f7-2ec7f7e9aec6', 'ac949f0f-3bd7-4ac3-b0f7-2ec7f7e9aec6', 'eba2f56c-1984-4a49-b194-a5dcdd6a8aa4', 3430, NULL, NULL, NULL, NULL),
('d43803cf-8582-4bad-a234-493b4b26121c', 'adas', 'ac949f0f-3bd7-4ac3-b0f7-2ec7f7e9aec6', 'ac949f0f-3bd7-4ac3-b0f7-2ec7f7e9aec6', '5732e2d5-5bfc-4216-8b21-1c7a02b2d703', 0, NULL, NULL, NULL, NULL),
('ec528496-77bc-4fe4-ad2e-9da1fe50be92', NULL, 'ac949f0f-3bd7-4ac3-b0f7-2ec7f7e9aec6', 'ac949f0f-3bd7-4ac3-b0f7-2ec7f7e9aec6', '87fe42a7-2c4d-4fec-a0db-17a90ac5b4e6', 10, NULL, NULL, NULL, NULL);

-- 
-- Restore previous SQL mode
-- 
/*!40101 SET SQL_MODE=@OLD_SQL_MODE */;

-- 
-- Enable foreign keys
-- 
/*!40014 SET FOREIGN_KEY_CHECKS = @OLD_FOREIGN_KEY_CHECKS */;